bbl,borough,block,lot,address,zonedist1,lotarea,bldgarea,builtfar,residfar,commfar,facilfar,numfloors,latitude,longitude
1000000000,MN,1,1,SAMPLE LOT 0,C6-2,1456.0,5198.0,3.57,0.0,6.0,6.0,4.0,40.75,-73.99
1000000001,MN,1,2,SAMPLE LOT 1,C6-4,6975.0,63682.0,9.13,0.0,10.0,10.0,11.0,40.75,-73.9892
1000000002,MN,1,3,SAMPLE LOT 2,C6-4,3499.0,32016.0,9.15,0.0,10.0,10.0,11.0,40.75,-73.9884
1000000003,MN,1,4,SAMPLE LOT 3,M1-5,4654.0,12612.0,2.71,0.0,5.0,5.0,3.0,40.75,-73.9876
1000000004,MN,1,5,SAMPLE LOT 4,M1-6,8065.0,73472.0,9.11,0.0,10.0,10.0,11.0,40.75,-73.98679999999999
1000000005,MN,1,6,SAMPLE LOT 5,C6-4,1189.0,6706.0,5.64,0.0,10.0,10.0,7.0,40.75,-73.98599999999999
1000000006,MN,1,7,SAMPLE LOT 6,M1-2,2310.0,2518.0,1.09,0.0,2.0,2.0,1.0,40.75,-73.98519999999999
1000000007,MN,1,8,SAMPLE LOT 7,C6-4,4522.0,35814.0,7.92,0.0,10.0,10.0,10.0,40.75,-73.9844
1000000008,MN,1,9,SAMPLE LOT 8,C6-4,5263.0,31894.0,6.06,0.0,10.0,10.0,7.0,40.75,-73.9836
1000000009,MN,1,10,SAMPLE LOT 9,M2-3,3072.0,3625.0,1.18,0.0,2.0,2.0,1.0,40.75,-73.9828
1000000010,MN,1,11,SAMPLE LOT 10,M1-6,8221.0,45298.0,5.51,0.0,10.0,10.0,7.0,40.75,-73.982
1000000011,MN,1,12,SAMPLE LOT 11,M1-5,4635.0,13488.0,2.91,0.0,5.0,5.0,3.0,40.75,-73.9812
1000000012,MN,1,13,SAMPLE LOT 12,M1-5,1711.0,3336.0,1.95,0.0,5.0,5.0,2.0,40.75,-73.98039999999999
1000000013,MN,1,14,SAMPLE LOT 13,M2-3,2085.0,1418.0,0.68,0.0,2.0,2.0,1.0,40.75,-73.97959999999999
1000000014,MN,1,15,SAMPLE LOT 14,M3-1,7030.0,11107.0,1.58,0.0,2.0,2.0,2.0,40.75,-73.97879999999999
1000000015,MN,1,16,SAMPLE LOT 15,C6-2,5534.0,22136.0,4.0,0.0,6.0,6.0,5.0,40.75,-73.978
1000000016,MN,1,17,SAMPLE LOT 16,C5-3,1059.0,11702.0,11.05,0.0,15.0,15.0,13.0,40.75,-73.9772
1000000017,MN,1,18,SAMPLE LOT 17,C6-4,10275.0,84460.0,8.22,0.0,10.0,10.0,10.0,40.75,-73.9764
1000000018,MN,1,19,SAMPLE LOT 18,C6-2,6079.0,16413.0,2.7,0.0,6.0,6.0,3.0,40.75,-73.9756
1000000019,MN,1,20,SAMPLE LOT 19,C5-3,10243.0,69448.0,6.78,0.0,15.0,15.0,8.0,40.75,-73.9748
1000000020,MN,2,1,SAMPLE LOT 20,M1-5,3058.0,7339.0,2.4,0.0,5.0,5.0,3.0,40.7508,-73.99
1000000021,MN,2,2,SAMPLE LOT 21,M1-5,3252.0,8097.0,2.49,0.0,5.0,5.0,3.0,40.7508,-73.9892
1000000022,MN,2,3,SAMPLE LOT 22,C6-2,1818.0,8672.0,4.77,0.0,6.0,6.0,6.0,40.7508,-73.9884
1000000023,MN,2,4,SAMPLE LOT 23,M1-2,23621.0,25747.0,1.09,0.0,2.0,2.0,1.0,40.7508,-73.9876
1000000024,MN,2,5,SAMPLE LOT 24,M1-2,3538.0,3609.0,1.02,0.0,2.0,2.0,1.0,40.7508,-73.98679999999999
1000000025,MN,2,6,SAMPLE LOT 25,M3-1,12153.0,17379.0,1.43,0.0,2.0,2.0,2.0,40.7508,-73.98599999999999
1000000026,MN,2,7,SAMPLE LOT 26,M2-3,2543.0,2136.0,0.84,0.0,2.0,2.0,1.0,40.7508,-73.98519999999999
1000000027,MN,2,8,SAMPLE LOT 27,C5-3,4486.0,24852.0,5.54,0.0,15.0,15.0,7.0,40.7508,-73.9844
1000000028,MN,2,9,SAMPLE LOT 28,C6-2,1242.0,5614.0,4.52,0.0,6.0,6.0,5.0,40.7508,-73.9836
1000000029,MN,2,10,SAMPLE LOT 29,M3-1,3060.0,4835.0,1.58,0.0,2.0,2.0,2.0,40.7508,-73.9828
1000000030,MN,2,11,SAMPLE LOT 30,M3-1,7964.0,7884.0,0.99,0.0,2.0,2.0,1.0,40.7508,-73.982
1000000031,MN,2,12,SAMPLE LOT 31,M1-5,1665.0,5944.0,3.57,0.0,5.0,5.0,4.0,40.7508,-73.9812
1000000032,MN,2,13,SAMPLE LOT 32,M1-2,8473.0,5423.0,0.64,0.0,2.0,2.0,1.0,40.7508,-73.98039999999999
1000000033,MN,2,14,SAMPLE LOT 33,M1-5,5065.0,14233.0,2.81,0.0,5.0,5.0,3.0,40.7508,-73.97959999999999
1000000034,MN,2,15,SAMPLE LOT 34,C6-2,1926.0,7800.0,4.05,0.0,6.0,6.0,5.0,40.7508,-73.97879999999999
1000000035,MN,2,16,SAMPLE LOT 35,M1-5,2816.0,6533.0,2.32,0.0,5.0,5.0,3.0,40.7508,-73.978
1000000036,MN,2,17,SAMPLE LOT 36,M1-6,2901.0,15259.0,5.26,0.0,10.0,10.0,6.0,40.7508,-73.9772
1000000037,MN,2,18,SAMPLE LOT 37,M1-2,3864.0,5371.0,1.39,0.0,2.0,2.0,2.0,40.7508,-73.9764
1000000038,MN,2,19,SAMPLE LOT 38,C6-4,2748.0,18769.0,6.83,0.0,10.0,10.0,8.0,40.7508,-73.9756
1000000039,MN,2,20,SAMPLE LOT 39,M1-5,2242.0,4484.0,2.0,0.0,5.0,5.0,2.0,40.7508,-73.9748
1000000040,MN,3,1,SAMPLE LOT 40,M1-5,3232.0,12282.0,3.8,0.0,5.0,5.0,5.0,40.7516,-73.99
1000000041,MN,3,2,SAMPLE LOT 41,C6-4,1949.0,6860.0,3.52,0.0,10.0,10.0,4.0,40.7516,-73.9892
1000000042,MN,3,3,SAMPLE LOT 42,M3-1,1622.0,3017.0,1.86,0.0,2.0,2.0,2.0,40.7516,-73.9884
1000000043,MN,3,4,SAMPLE LOT 43,C6-4,3867.0,16705.0,4.32,0.0,10.0,10.0,5.0,40.7516,-73.9876
1000000044,MN,3,5,SAMPLE LOT 44,C6-2,7421.0,20705.0,2.79,0.0,6.0,6.0,3.0,40.7516,-73.98679999999999
1000000045,MN,3,6,SAMPLE LOT 45,C6-4,1371.0,5895.0,4.3,0.0,10.0,10.0,5.0,40.7516,-73.98599999999999
1000000046,MN,3,7,SAMPLE LOT 46,M1-2,4010.0,7579.0,1.89,0.0,2.0,2.0,2.0,40.7516,-73.98519999999999
1000000047,MN,3,8,SAMPLE LOT 47,C6-2,2538.0,7411.0,2.92,0.0,6.0,6.0,4.0,40.7516,-73.9844
1000000048,MN,3,9,SAMPLE LOT 48,M3-1,2018.0,2805.0,1.39,0.0,2.0,2.0,2.0,40.7516,-73.9836
1000000049,MN,3,10,SAMPLE LOT 49,C6-4,7270.0,68629.0,9.44,0.0,10.0,10.0,11.0,40.7516,-73.9828
1000000050,MN,3,11,SAMPLE LOT 50,M1-6,2783.0,25548.0,9.18,0.0,10.0,10.0,11.0,40.7516,-73.982
1000000051,MN,3,12,SAMPLE LOT 51,C6-2,11417.0,22491.0,1.97,0.0,6.0,6.0,2.0,40.7516,-73.9812
1000000052,MN,3,13,SAMPLE LOT 52,M1-2,2317.0,2966.0,1.28,0.0,2.0,2.0,2.0,40.7516,-73.98039999999999
1000000053,MN,3,14,SAMPLE LOT 53,M1-6,5243.0,36229.0,6.91,0.0,10.0,10.0,8.0,40.7516,-73.97959999999999
1000000054,MN,3,15,SAMPLE LOT 54,M1-6,3412.0,25829.0,7.57,0.0,10.0,10.0,9.0,40.7516,-73.97879999999999
1000000055,MN,3,16,SAMPLE LOT 55,M1-5,2360.0,6112.0,2.59,0.0,5.0,5.0,3.0,40.7516,-73.978
1000000056,MN,3,17,SAMPLE LOT 56,C6-4,6036.0,30965.0,5.13,0.0,10.0,10.0,6.0,40.7516,-73.9772
1000000057,MN,3,18,SAMPLE LOT 57,M1-6,3589.0,10875.0,3.03,0.0,10.0,10.0,4.0,40.7516,-73.9764
1000000058,MN,3,19,SAMPLE LOT 58,C5-3,6102.0,29534.0,4.84,0.0,15.0,15.0,6.0,40.7516,-73.9756
1000000059,MN,3,20,SAMPLE LOT 59,C6-2,3870.0,15286.0,3.95,0.0,6.0,6.0,5.0,40.7516,-73.9748
1000000060,MN,4,1,SAMPLE LOT 60,C6-2,1871.0,3929.0,2.1,0.0,6.0,6.0,3.0,40.7524,-73.99
1000000061,MN,4,2,SAMPLE LOT 61,C6-2,3724.0,9645.0,2.59,0.0,6.0,6.0,3.0,40.7524,-73.9892
1000000062,MN,4,3,SAMPLE LOT 62,C6-2,4148.0,12859.0,3.1,0.0,6.0,6.0,4.0,40.7524,-73.9884
1000000063,MN,4,4,SAMPLE LOT 63,M1-5,7824.0,13536.0,1.73,0.0,5.0,5.0,2.0,40.7524,-73.9876
1000000064,MN,4,5,SAMPLE LOT 64,M2-3,2121.0,1357.0,0.64,0.0,2.0,2.0,1.0,40.7524,-73.98679999999999
1000000065,MN,4,6,SAMPLE LOT 65,M1-5,3891.0,17548.0,4.51,0.0,5.0,5.0,5.0,40.7524,-73.98599999999999
1000000066,MN,4,7,SAMPLE LOT 66,M2-3,1198.0,1402.0,1.17,0.0,2.0,2.0,1.0,40.7524,-73.98519999999999
1000000067,MN,4,8,SAMPLE LOT 67,M1-2,6311.0,5491.0,0.87,0.0,2.0,2.0,1.0,40.7524,-73.9844
1000000068,MN,4,9,SAMPLE LOT 68,C5-3,1876.0,21405.0,11.41,0.0,15.0,15.0,14.0,40.7524,-73.9836
1000000069,MN,4,10,SAMPLE LOT 69,M1-5,1130.0,1729.0,1.53,0.0,5.0,5.0,2.0,40.7524,-73.9828
1000000070,MN,4,11,SAMPLE LOT 70,C6-2,3838.0,10593.0,2.76,0.0,6.0,6.0,3.0,40.7524,-73.982
1000000071,MN,4,12,SAMPLE LOT 71,M1-6,8674.0,80148.0,9.24,0.0,10.0,10.0,11.0,40.7524,-73.9812
1000000072,MN,4,13,SAMPLE LOT 72,C6-4,1376.0,12150.0,8.83,0.0,10.0,10.0,11.0,40.7524,-73.98039999999999
1000000073,MN,4,14,SAMPLE LOT 73,C6-2,1868.0,7995.0,4.28,0.0,6.0,6.0,5.0,40.7524,-73.97959999999999
1000000074,MN,4,15,SAMPLE LOT 74,M1-5,2377.0,4279.0,1.8,0.0,5.0,5.0,2.0,40.7524,-73.97879999999999
1000000075,MN,4,16,SAMPLE LOT 75,C6-4,1814.0,9197.0,5.07,0.0,10.0,10.0,6.0,40.7524,-73.978
1000000076,MN,4,17,SAMPLE LOT 76,C5-3,5217.0,24885.0,4.77,0.0,15.0,15.0,6.0,40.7524,-73.9772
1000000077,MN,4,18,SAMPLE LOT 77,C5-3,2273.0,15093.0,6.64,0.0,15.0,15.0,8.0,40.7524,-73.9764
1000000078,MN,4,19,SAMPLE LOT 78,C6-2,2414.0,4587.0,1.9,0.0,6.0,6.0,2.0,40.7524,-73.9756
1000000079,MN,4,20,SAMPLE LOT 79,M1-5,6017.0,11492.0,1.91,0.0,5.0,5.0,2.0,40.7524,-73.9748
1000000080,MN,5,1,SAMPLE LOT 80,M1-5,2357.0,8391.0,3.56,0.0,5.0,5.0,4.0,40.7532,-73.99
1000000081,MN,5,2,SAMPLE LOT 81,C5-3,5415.0,29674.0,5.48,0.0,15.0,15.0,7.0,40.7532,-73.9892
1000000082,MN,5,3,SAMPLE LOT 82,C6-2,2027.0,4885.0,2.41,0.0,6.0,6.0,3.0,40.7532,-73.9884
1000000083,MN,5,4,SAMPLE LOT 83,M1-5,1712.0,7584.0,4.43,0.0,5.0,5.0,5.0,40.7532,-73.9876
1000000084,MN,5,5,SAMPLE LOT 84,C6-4,1107.0,5734.0,5.18,0.0,10.0,10.0,6.0,40.7532,-73.98679999999999
1000000085,MN,5,6,SAMPLE LOT 85,C6-2,14719.0,45629.0,3.1,0.0,6.0,6.0,4.0,40.7532,-73.98599999999999
1000000086,MN,5,7,SAMPLE LOT 86,C6-2,3197.0,6842.0,2.14,0.0,6.0,6.0,3.0,40.7532,-73.98519999999999
1000000087,MN,5,8,SAMPLE LOT 87,M1-6,4745.0,38767.0,8.17,0.0,10.0,10.0,10.0,40.7532,-73.9844
1000000088,MN,5,9,SAMPLE LOT 88,M2-3,3914.0,5793.0,1.48,0.0,2.0,2.0,2.0,40.7532,-73.9836
1000000089,MN,5,10,SAMPLE LOT 89,M1-5,4474.0,14675.0,3.28,0.0,5.0,5.0,4.0,40.7532,-73.9828
1000000090,MN,5,11,SAMPLE LOT 90,M1-2,4142.0,5799.0,1.4,0.0,2.0,2.0,2.0,40.7532,-73.982
1000000091,MN,5,12,SAMPLE LOT 91,C6-4,15211.0,55520.0,3.65,0.0,10.0,10.0,4.0,40.7532,-73.9812
1000000092,MN,5,13,SAMPLE LOT 92,M2-3,1933.0,1817.0,0.94,0.0,2.0,2.0,1.0,40.7532,-73.98039999999999
1000000093,MN,5,14,SAMPLE LOT 93,C6-2,1345.0,5488.0,4.08,0.0,6.0,6.0,5.0,40.7532,-73.97959999999999
1000000094,MN,5,15,SAMPLE LOT 94,M1-6,1970.0,18104.0,9.19,0.0,10.0,10.0,11.0,40.7532,-73.97879999999999
1000000095,MN,5,16,SAMPLE LOT 95,C6-4,1571.0,13055.0,8.31,0.0,10.0,10.0,10.0,40.7532,-73.978
1000000096,MN,5,17,SAMPLE LOT 96,M1-2,6747.0,9648.0,1.43,0.0,2.0,2.0,2.0,40.7532,-73.9772
1000000097,MN,5,18,SAMPLE LOT 97,M1-6,7103.0,45246.0,6.37,0.0,10.0,10.0,8.0,40.7532,-73.9764
1000000098,MN,5,19,SAMPLE LOT 98,M1-2,2041.0,1265.0,0.62,0.0,2.0,2.0,1.0,40.7532,-73.9756
1000000099,MN,5,20,SAMPLE LOT 99,M1-5,1511.0,6633.0,4.39,0.0,5.0,5.0,5.0,40.7532,-73.9748
1000000100,MN,6,1,SAMPLE LOT 100,C5-3,3120.0,16068.0,5.15,0.0,15.0,15.0,6.0,40.754,-73.99
1000000101,MN,6,2,SAMPLE LOT 101,C6-2,10592.0,24362.0,2.3,0.0,6.0,6.0,3.0,40.754,-73.9892
1000000102,MN,6,3,SAMPLE LOT 102,M2-3,556.0,834.0,1.5,0.0,2.0,2.0,2.0,40.754,-73.9884
1000000103,MN,6,4,SAMPLE LOT 103,M3-1,5783.0,9600.0,1.66,0.0,2.0,2.0,2.0,40.754,-73.9876
1000000104,MN,6,5,SAMPLE LOT 104,C6-4,1884.0,15279.0,8.11,0.0,10.0,10.0,10.0,40.754,-73.98679999999999
1000000105,MN,6,6,SAMPLE LOT 105,M1-6,8286.0,49219.0,5.94,0.0,10.0,10.0,7.0,40.754,-73.98599999999999
1000000106,MN,6,7,SAMPLE LOT 106,C6-2,1881.0,4684.0,2.49,0.0,6.0,6.0,3.0,40.754,-73.98519999999999
1000000107,MN,6,8,SAMPLE LOT 107,C6-2,3276.0,6355.0,1.94,0.0,6.0,6.0,2.0,40.754,-73.9844
1000000108,MN,6,9,SAMPLE LOT 108,M1-6,1394.0,11891.0,8.53,0.0,10.0,10.0,10.0,40.754,-73.9836
1000000109,MN,6,10,SAMPLE LOT 109,M3-1,2018.0,3774.0,1.87,0.0,2.0,2.0,2.0,40.754,-73.9828
1000000110,MN,6,11,SAMPLE LOT 110,C6-4,10553.0,48438.0,4.59,0.0,10.0,10.0,6.0,40.754,-73.982
1000000111,MN,6,12,SAMPLE LOT 111,C5-3,7104.0,91926.0,12.94,0.0,15.0,15.0,16.0,40.754,-73.9812
1000000112,MN,6,13,SAMPLE LOT 112,M1-5,3020.0,8486.0,2.81,0.0,5.0,5.0,3.0,40.754,-73.98039999999999
1000000113,MN,6,14,SAMPLE LOT 113,C5-3,2175.0,16400.0,7.54,0.0,15.0,15.0,9.0,40.754,-73.97959999999999
1000000114,MN,6,15,SAMPLE LOT 114,M1-2,1063.0,1339.0,1.26,0.0,2.0,2.0,2.0,40.754,-73.97879999999999
1000000115,MN,6,16,SAMPLE LOT 115,C6-4,3037.0,9263.0,3.05,0.0,10.0,10.0,4.0,40.754,-73.978
1000000116,MN,6,17,SAMPLE LOT 116,C6-4,3914.0,23014.0,5.88,0.0,10.0,10.0,7.0,40.754,-73.9772
1000000117,MN,6,18,SAMPLE LOT 117,M1-5,3771.0,8108.0,2.15,0.0,5.0,5.0,3.0,40.754,-73.9764
1000000118,MN,6,19,SAMPLE LOT 118,M2-3,3746.0,5731.0,1.53,0.0,2.0,2.0,2.0,40.754,-73.9756
1000000119,MN,6,20,SAMPLE LOT 119,C6-4,1824.0,11436.0,6.27,0.0,10.0,10.0,8.0,40.754,-73.9748
1000000120,MN,7,1,SAMPLE LOT 120,M1-2,3819.0,6607.0,1.73,0.0,2.0,2.0,2.0,40.7548,-73.99
1000000121,MN,7,2,SAMPLE LOT 121,C6-2,3893.0,20633.0,5.3,0.0,6.0,6.0,6.0,40.7548,-73.9892
1000000122,MN,7,3,SAMPLE LOT 122,C6-4,9872.0,49952.0,5.06,0.0,10.0,10.0,6.0,40.7548,-73.9884
1000000123,MN,7,4,SAMPLE LOT 123,M3-1,14776.0,14185.0,0.96,0.0,2.0,2.0,1.0,40.7548,-73.9876
1000000124,MN,7,5,SAMPLE LOT 124,C6-2,3634.0,19842.0,5.46,0.0,6.0,6.0,7.0,40.7548,-73.98679999999999
1000000125,MN,7,6,SAMPLE LOT 125,M1-5,2339.0,7344.0,3.14,0.0,5.0,5.0,4.0,40.7548,-73.98599999999999
1000000126,MN,7,7,SAMPLE LOT 126,M1-5,3822.0,6918.0,1.81,0.0,5.0,5.0,2.0,40.7548,-73.98519999999999
1000000127,MN,7,8,SAMPLE LOT 127,M1-6,2614.0,8626.0,3.3,0.0,10.0,10.0,4.0,40.7548,-73.9844
1000000128,MN,7,9,SAMPLE LOT 128,M1-5,2379.0,11229.0,4.72,0.0,5.0,5.0,6.0,40.7548,-73.9836
1000000129,MN,7,10,SAMPLE LOT 129,M1-6,3839.0,25952.0,6.76,0.0,10.0,10.0,8.0,40.7548,-73.9828
1000000130,MN,7,11,SAMPLE LOT 130,C5-3,1927.0,9693.0,5.03,0.0,15.0,15.0,6.0,40.7548,-73.982
1000000131,MN,7,12,SAMPLE LOT 131,C6-2,6114.0,23172.0,3.79,0.0,6.0,6.0,5.0,40.7548,-73.9812
1000000132,MN,7,13,SAMPLE LOT 132,M1-6,3719.0,23355.0,6.28,0.0,10.0,10.0,8.0,40.7548,-73.98039999999999
1000000133,MN,7,14,SAMPLE LOT 133,M1-5,4765.0,13914.0,2.92,0.0,5.0,5.0,4.0,40.7548,-73.97959999999999
1000000134,MN,7,15,SAMPLE LOT 134,C5-3,3519.0,48457.0,13.77,0.0,15.0,15.0,17.0,40.7548,-73.97879999999999
1000000135,MN,7,16,SAMPLE LOT 135,M2-3,2404.0,4399.0,1.83,0.0,2.0,2.0,2.0,40.7548,-73.978
1000000136,MN,7,17,SAMPLE LOT 136,C5-3,2060.0,11783.0,5.72,0.0,15.0,15.0,7.0,40.7548,-73.9772
1000000137,MN,7,18,SAMPLE LOT 137,M3-1,3388.0,2710.0,0.8,0.0,2.0,2.0,1.0,40.7548,-73.9764
1000000138,MN,7,19,SAMPLE LOT 138,M3-1,2724.0,3078.0,1.13,0.0,2.0,2.0,1.0,40.7548,-73.9756
1000000139,MN,7,20,SAMPLE LOT 139,C6-4,4712.0,39675.0,8.42,0.0,10.0,10.0,10.0,40.7548,-73.9748
1000000140,MN,8,1,SAMPLE LOT 140,C6-4,3988.0,28115.0,7.05,0.0,10.0,10.0,8.0,40.7556,-73.99
1000000141,MN,8,2,SAMPLE LOT 141,C6-2,1541.0,7166.0,4.65,0.0,6.0,6.0,6.0,40.7556,-73.9892
1000000142,MN,8,3,SAMPLE LOT 142,M2-3,4192.0,5659.0,1.35,0.0,2.0,2.0,2.0,40.7556,-73.9884
1000000143,MN,8,4,SAMPLE LOT 143,C6-4,1563.0,6830.0,4.37,0.0,10.0,10.0,5.0,40.7556,-73.9876
1000000144,MN,8,5,SAMPLE LOT 144,M2-3,2598.0,4313.0,1.66,0.0,2.0,2.0,2.0,40.7556,-73.98679999999999
1000000145,MN,8,6,SAMPLE LOT 145,C5-3,3255.0,15103.0,4.64,0.0,15.0,15.0,6.0,40.7556,-73.98599999999999
1000000146,MN,8,7,SAMPLE LOT 146,M1-2,936.0,1413.0,1.51,0.0,2.0,2.0,2.0,40.7556,-73.98519999999999
1000000147,MN,8,8,SAMPLE LOT 147,M2-3,4265.0,3625.0,0.85,0.0,2.0,2.0,1.0,40.7556,-73.9844
1000000148,MN,8,9,SAMPLE LOT 148,M3-1,4446.0,5380.0,1.21,0.0,2.0,2.0,1.0,40.7556,-73.9836
1000000149,MN,8,10,SAMPLE LOT 149,C5-3,3581.0,50170.0,14.01,0.0,15.0,15.0,17.0,40.7556,-73.9828
1000000150,MN,8,11,SAMPLE LOT 150,M1-5,2972.0,9659.0,3.25,0.0,5.0,5.0,4.0,40.7556,-73.982
1000000151,MN,8,12,SAMPLE LOT 151,C6-4,3080.0,10380.0,3.37,0.0,10.0,10.0,4.0,40.7556,-73.9812
1000000152,MN,8,13,SAMPLE LOT 152,C6-2,2019.0,7006.0,3.47,0.0,6.0,6.0,4.0,40.7556,-73.98039999999999
1000000153,MN,8,14,SAMPLE LOT 153,C6-2,3312.0,14507.0,4.38,0.0,6.0,6.0,5.0,40.7556,-73.97959999999999
1000000154,MN,8,15,SAMPLE LOT 154,C6-2,2717.0,5488.0,2.02,0.0,6.0,6.0,2.0,40.7556,-73.97879999999999
1000000155,MN,8,16,SAMPLE LOT 155,C5-3,4265.0,29684.0,6.96,0.0,15.0,15.0,8.0,40.7556,-73.978
1000000156,MN,8,17,SAMPLE LOT 156,M1-6,1722.0,5373.0,3.12,0.0,10.0,10.0,4.0,40.7556,-73.9772
1000000157,MN,8,18,SAMPLE LOT 157,M1-6,4717.0,30708.0,6.51,0.0,10.0,10.0,8.0,40.7556,-73.9764
1000000158,MN,8,19,SAMPLE LOT 158,M1-5,4422.0,12116.0,2.74,0.0,5.0,5.0,3.0,40.7556,-73.9756
1000000159,MN,8,20,SAMPLE LOT 159,M1-2,3623.0,4529.0,1.25,0.0,2.0,2.0,2.0,40.7556,-73.9748
1000000160,MN,9,1,SAMPLE LOT 160,M1-5,2941.0,7235.0,2.46,0.0,5.0,5.0,3.0,40.7564,-73.99
1000000161,MN,9,2,SAMPLE LOT 161,C5-3,5888.0,64179.0,10.9,0.0,15.0,15.0,13.0,40.7564,-73.9892
1000000162,MN,9,3,SAMPLE LOT 162,C6-4,1247.0,5150.0,4.13,0.0,10.0,10.0,5.0,40.7564,-73.9884
1000000163,MN,9,4,SAMPLE LOT 163,M1-5,5521.0,24568.0,4.45,0.0,5.0,5.0,5.0,40.7564,-73.9876
1000000164,MN,9,5,SAMPLE LOT 164,C6-2,4742.0,26271.0,5.54,0.0,6.0,6.0,7.0,40.7564,-73.98679999999999
1000000165,MN,9,6,SAMPLE LOT 165,M2-3,4878.0,6049.0,1.24,0.0,2.0,2.0,1.0,40.7564,-73.98599999999999
1000000166,MN,9,7,SAMPLE LOT 166,C6-2,5231.0,18936.0,3.62,0.0,6.0,6.0,4.0,40.7564,-73.98519999999999
1000000167,MN,9,8,SAMPLE LOT 167,C6-2,2531.0,13035.0,5.15,0.0,6.0,6.0,6.0,40.7564,-73.9844
1000000168,MN,9,9,SAMPLE LOT 168,M1-6,3336.0,16280.0,4.88,0.0,10.0,10.0,6.0,40.7564,-73.9836
1000000169,MN,9,10,SAMPLE LOT 169,C5-3,6248.0,77038.0,12.33,0.0,15.0,15.0,15.0,40.7564,-73.9828
1000000170,MN,9,11,SAMPLE LOT 170,M2-3,5407.0,5245.0,0.97,0.0,2.0,2.0,1.0,40.7564,-73.982
1000000171,MN,9,12,SAMPLE LOT 171,C6-2,4623.0,21312.0,4.61,0.0,6.0,6.0,6.0,40.7564,-73.9812
1000000172,MN,9,13,SAMPLE LOT 172,C6-2,1386.0,4297.0,3.1,0.0,6.0,6.0,4.0,40.7564,-73.98039999999999
1000000173,MN,9,14,SAMPLE LOT 173,M1-5,5829.0,20168.0,3.46,0.0,5.0,5.0,4.0,40.7564,-73.97959999999999
1000000174,MN,9,15,SAMPLE LOT 174,M1-2,9070.0,16326.0,1.8,0.0,2.0,2.0,2.0,40.7564,-73.97879999999999
1000000175,MN,9,16,SAMPLE LOT 175,M2-3,8110.0,5434.0,0.67,0.0,2.0,2.0,1.0,40.7564,-73.978
1000000176,MN,9,17,SAMPLE LOT 176,C6-4,4712.0,38874.0,8.25,0.0,10.0,10.0,10.0,40.7564,-73.9772
1000000177,MN,9,18,SAMPLE LOT 177,C6-4,1344.0,8763.0,6.52,0.0,10.0,10.0,8.0,40.7564,-73.9764
1000000178,MN,9,19,SAMPLE LOT 178,C6-2,7737.0,25377.0,3.28,0.0,6.0,6.0,4.0,40.7564,-73.9756
1000000179,MN,9,20,SAMPLE LOT 179,M1-5,3608.0,9525.0,2.64,0.0,5.0,5.0,3.0,40.7564,-73.9748
1000000180,MN,10,1,SAMPLE LOT 180,C5-3,679.0,3517.0,5.18,0.0,15.0,15.0,6.0,40.7572,-73.99
1000000181,MN,10,2,SAMPLE LOT 181,C6-4,5209.0,24378.0,4.68,0.0,10.0,10.0,6.0,40.7572,-73.9892
1000000182,MN,10,3,SAMPLE LOT 182,C6-4,1407.0,9919.0,7.05,0.0,10.0,10.0,8.0,40.7572,-73.9884
1000000183,MN,10,4,SAMPLE LOT 183,M3-1,1614.0,1178.0,0.73,0.0,2.0,2.0,1.0,40.7572,-73.9876
1000000184,MN,10,5,SAMPLE LOT 184,C5-3,2565.0,28292.0,11.03,0.0,15.0,15.0,13.0,40.7572,-73.98679999999999
1000000185,MN,10,6,SAMPLE LOT 185,M1-2,9748.0,18034.0,1.85,0.0,2.0,2.0,2.0,40.7572,-73.98599999999999
1000000186,MN,10,7,SAMPLE LOT 186,M1-2,3085.0,5800.0,1.88,0.0,2.0,2.0,2.0,40.7572,-73.98519999999999
1000000187,MN,10,8,SAMPLE LOT 187,M1-2,4836.0,8511.0,1.76,0.0,2.0,2.0,2.0,40.7572,-73.9844
1000000188,MN,10,9,SAMPLE LOT 188,M1-5,13597.0,56020.0,4.12,0.0,5.0,5.0,5.0,40.7572,-73.9836
1000000189,MN,10,10,SAMPLE LOT 189,M1-5,12208.0,25393.0,2.08,0.0,5.0,5.0,2.0,40.7572,-73.9828
1000000190,MN,10,11,SAMPLE LOT 190,M1-5,3721.0,17303.0,4.65,0.0,5.0,5.0,6.0,40.7572,-73.982
1000000191,MN,10,12,SAMPLE LOT 191,C6-2,3378.0,8749.0,2.59,0.0,6.0,6.0,3.0,40.7572,-73.9812
1000000192,MN,10,13,SAMPLE LOT 192,M1-2,1655.0,2863.0,1.73,0.0,2.0,2.0,2.0,40.7572,-73.98039999999999
1000000193,MN,10,14,SAMPLE LOT 193,C6-2,2460.0,12841.0,5.22,0.0,6.0,6.0,6.0,40.7572,-73.97959999999999
1000000194,MN,10,15,SAMPLE LOT 194,M1-5,5387.0,18962.0,3.52,0.0,5.0,5.0,4.0,40.7572,-73.97879999999999
1000000195,MN,10,16,SAMPLE LOT 195,C6-2,5277.0,20211.0,3.83,0.0,6.0,6.0,5.0,40.7572,-73.978
1000000196,MN,10,17,SAMPLE LOT 196,M1-2,4321.0,3716.0,0.86,0.0,2.0,2.0,1.0,40.7572,-73.9772
1000000197,MN,10,18,SAMPLE LOT 197,M1-6,8026.0,51206.0,6.38,0.0,10.0,10.0,8.0,40.7572,-73.9764
1000000198,MN,10,19,SAMPLE LOT 198,C5-3,2329.0,17072.0,7.33,0.0,15.0,15.0,9.0,40.7572,-73.9756
1000000199,MN,10,20,SAMPLE LOT 199,C6-2,3846.0,8807.0,2.29,0.0,6.0,6.0,3.0,40.7572,-73.9748
1000000200,MN,11,1,SAMPLE LOT 200,C6-4,6674.0,25561.0,3.83,0.0,10.0,10.0,5.0,40.758,-73.99
1000000201,MN,11,2,SAMPLE LOT 201,C6-2,6021.0,29623.0,4.92,0.0,6.0,6.0,6.0,40.758,-73.9892
1000000202,MN,11,3,SAMPLE LOT 202,C6-2,8465.0,45711.0,5.4,0.0,6.0,6.0,6.0,40.758,-73.9884
1000000203,MN,11,4,SAMPLE LOT 203,M1-5,5281.0,10351.0,1.96,0.0,5.0,5.0,2.0,40.758,-73.9876
1000000204,MN,11,5,SAMPLE LOT 204,C6-2,3221.0,5959.0,1.85,0.0,6.0,6.0,2.0,40.758,-73.98679999999999
1000000205,MN,11,6,SAMPLE LOT 205,M1-2,5154.0,4845.0,0.94,0.0,2.0,2.0,1.0,40.758,-73.98599999999999
1000000206,MN,11,7,SAMPLE LOT 206,C6-4,1983.0,7674.0,3.87,0.0,10.0,10.0,5.0,40.758,-73.98519999999999
1000000207,MN,11,8,SAMPLE LOT 207,C5-3,1270.0,8052.0,6.34,0.0,15.0,15.0,8.0,40.758,-73.9844
1000000208,MN,11,9,SAMPLE LOT 208,C6-4,6006.0,40781.0,6.79,0.0,10.0,10.0,8.0,40.758,-73.9836
1000000209,MN,11,10,SAMPLE LOT 209,M1-2,3849.0,4426.0,1.15,0.0,2.0,2.0,1.0,40.758,-73.9828
1000000210,MN,11,11,SAMPLE LOT 210,M1-6,4964.0,28742.0,5.79,0.0,10.0,10.0,7.0,40.758,-73.982
1000000211,MN,11,12,SAMPLE LOT 211,M1-6,1219.0,5290.0,4.34,0.0,10.0,10.0,5.0,40.758,-73.9812
1000000212,MN,11,13,SAMPLE LOT 212,M1-5,3098.0,11339.0,3.66,0.0,5.0,5.0,4.0,40.758,-73.98039999999999
1000000213,MN,11,14,SAMPLE LOT 213,C6-2,2628.0,7700.0,2.93,0.0,6.0,6.0,4.0,40.758,-73.97959999999999
1000000214,MN,11,15,SAMPLE LOT 214,C6-4,2184.0,12209.0,5.59,0.0,10.0,10.0,7.0,40.758,-73.97879999999999
1000000215,MN,11,16,SAMPLE LOT 215,M1-6,825.0,4958.0,6.01,0.0,10.0,10.0,7.0,40.758,-73.978
1000000216,MN,11,17,SAMPLE LOT 216,C6-4,3164.0,28096.0,8.88,0.0,10.0,10.0,11.0,40.758,-73.9772
1000000217,MN,11,18,SAMPLE LOT 217,C6-4,7496.0,34482.0,4.6,0.0,10.0,10.0,6.0,40.758,-73.9764
1000000218,MN,11,19,SAMPLE LOT 218,M1-5,5223.0,20056.0,3.84,0.0,5.0,5.0,5.0,40.758,-73.9756
1000000219,MN,11,20,SAMPLE LOT 219,C6-4,2626.0,13156.0,5.01,0.0,10.0,10.0,6.0,40.758,-73.9748
1000000220,MN,12,1,SAMPLE LOT 220,C6-4,3959.0,34879.0,8.81,0.0,10.0,10.0,11.0,40.7588,-73.99
1000000221,MN,12,2,SAMPLE LOT 221,M1-5,6794.0,18887.0,2.78,0.0,5.0,5.0,3.0,40.7588,-73.9892
1000000222,MN,12,3,SAMPLE LOT 222,C6-2,579.0,2183.0,3.77,0.0,6.0,6.0,5.0,40.7588,-73.9884
1000000223,MN,12,4,SAMPLE LOT 223,C6-2,3666.0,19137.0,5.22,0.0,6.0,6.0,6.0,40.7588,-73.9876
1000000224,MN,12,5,SAMPLE LOT 224,C6-2,5851.0,25861.0,4.42,0.0,6.0,6.0,5.0,40.7588,-73.98679999999999
1000000225,MN,12,6,SAMPLE LOT 225,M1-2,6448.0,4643.0,0.72,0.0,2.0,2.0,1.0,40.7588,-73.98599999999999
1000000226,MN,12,7,SAMPLE LOT 226,C6-2,13155.0,30651.0,2.33,0.0,6.0,6.0,3.0,40.7588,-73.98519999999999
1000000227,MN,12,8,SAMPLE LOT 227,C6-2,8854.0,50114.0,5.66,0.0,6.0,6.0,7.0,40.7588,-73.9844
1000000228,MN,12,9,SAMPLE LOT 228,C6-4,4978.0,15880.0,3.19,0.0,10.0,10.0,4.0,40.7588,-73.9836
1000000229,MN,12,10,SAMPLE LOT 229,C6-4,4942.0,24512.0,4.96,0.0,10.0,10.0,6.0,40.7588,-73.9828
1000000230,MN,12,11,SAMPLE LOT 230,M1-6,6939.0,64047.0,9.23,0.0,10.0,10.0,11.0,40.7588,-73.982
1000000231,MN,12,12,SAMPLE LOT 231,C6-2,2742.0,5100.0,1.86,0.0,6.0,6.0,2.0,40.7588,-73.9812
1000000232,MN,12,13,SAMPLE LOT 232,C6-4,3889.0,15750.0,4.05,0.0,10.0,10.0,5.0,40.7588,-73.98039999999999
1000000233,MN,12,14,SAMPLE LOT 233,C6-4,7543.0,33114.0,4.39,0.0,10.0,10.0,5.0,40.7588,-73.97959999999999
1000000234,MN,12,15,SAMPLE LOT 234,M1-5,15745.0,28026.0,1.78,0.0,5.0,5.0,2.0,40.7588,-73.97879999999999
1000000235,MN,12,16,SAMPLE LOT 235,M1-2,3578.0,4329.0,1.21,0.0,2.0,2.0,1.0,40.7588,-73.978
1000000236,MN,12,17,SAMPLE LOT 236,C6-2,3867.0,15893.0,4.11,0.0,6.0,6.0,5.0,40.7588,-73.9772
1000000237,MN,12,18,SAMPLE LOT 237,M1-5,4596.0,11628.0,2.53,0.0,5.0,5.0,3.0,40.7588,-73.9764
1000000238,MN,12,19,SAMPLE LOT 238,C6-2,10242.0,22737.0,2.22,0.0,6.0,6.0,3.0,40.7588,-73.9756
1000000239,MN,12,20,SAMPLE LOT 239,C5-3,3916.0,48598.0,12.41,0.0,15.0,15.0,15.0,40.7588,-73.9748
1000000240,MN,13,1,SAMPLE LOT 240,M1-6,11188.0,92077.0,8.23,0.0,10.0,10.0,10.0,40.7596,-73.99
1000000241,MN,13,2,SAMPLE LOT 241,M1-5,2033.0,6770.0,3.33,0.0,5.0,5.0,4.0,40.7596,-73.9892
1000000242,MN,13,3,SAMPLE LOT 242,M2-3,3512.0,2739.0,0.78,0.0,2.0,2.0,1.0,40.7596,-73.9884
1000000243,MN,13,4,SAMPLE LOT 243,C6-2,3482.0,13615.0,3.91,0.0,6.0,6.0,5.0,40.7596,-73.9876
1000000244,MN,13,5,SAMPLE LOT 244,M1-5,6937.0,24626.0,3.55,0.0,5.0,5.0,4.0,40.7596,-73.98679999999999
1000000245,MN,13,6,SAMPLE LOT 245,M1-6,8314.0,48055.0,5.78,0.0,10.0,10.0,7.0,40.7596,-73.98599999999999
1000000246,MN,13,7,SAMPLE LOT 246,M1-5,1391.0,5995.0,4.31,0.0,5.0,5.0,5.0,40.7596,-73.98519999999999
1000000247,MN,13,8,SAMPLE LOT 247,C6-2,2108.0,6999.0,3.32,0.0,6.0,6.0,4.0,40.7596,-73.9844
1000000248,MN,13,9,SAMPLE LOT 248,C6-4,5064.0,32004.0,6.32,0.0,10.0,10.0,8.0,40.7596,-73.9836
1000000249,MN,13,10,SAMPLE LOT 249,M1-6,2522.0,9432.0,3.74,0.0,10.0,10.0,4.0,40.7596,-73.9828
1000000250,MN,13,11,SAMPLE LOT 250,M1-6,1378.0,9177.0,6.66,0.0,10.0,10.0,8.0,40.7596,-73.982
1000000251,MN,13,12,SAMPLE LOT 251,C6-2,8275.0,39637.0,4.79,0.0,6.0,6.0,6.0,40.7596,-73.9812
1000000252,MN,13,13,SAMPLE LOT 252,M1-5,5652.0,21930.0,3.88,0.0,5.0,5.0,5.0,40.7596,-73.98039999999999
1000000253,MN,13,14,SAMPLE LOT 253,M1-5,5649.0,13219.0,2.34,0.0,5.0,5.0,3.0,40.7596,-73.97959999999999
1000000254,MN,13,15,SAMPLE LOT 254,M1-6,2868.0,27103.0,9.45,0.0,10.0,10.0,11.0,40.7596,-73.97879999999999
1000000255,MN,13,16,SAMPLE LOT 255,M2-3,8220.0,12659.0,1.54,0.0,2.0,2.0,2.0,40.7596,-73.978
1000000256,MN,13,17,SAMPLE LOT 256,M1-2,3382.0,3889.0,1.15,0.0,2.0,2.0,1.0,40.7596,-73.9772
1000000257,MN,13,18,SAMPLE LOT 257,C6-4,8618.0,49123.0,5.7,0.0,10.0,10.0,7.0,40.7596,-73.9764
1000000258,MN,13,19,SAMPLE LOT 258,C6-2,2113.0,10227.0,4.84,0.0,6.0,6.0,6.0,40.7596,-73.9756
1000000259,MN,13,20,SAMPLE LOT 259,M1-5,2200.0,4554.0,2.07,0.0,5.0,5.0,2.0,40.7596,-73.9748
1000000260,MN,14,1,SAMPLE LOT 260,M1-2,4616.0,6601.0,1.43,0.0,2.0,2.0,2.0,40.7604,-73.99
1000000261,MN,14,2,SAMPLE LOT 261,C6-4,2447.0,18768.0,7.67,0.0,10.0,10.0,9.0,40.7604,-73.9892
1000000262,MN,14,3,SAMPLE LOT 262,M1-5,6418.0,20409.0,3.18,0.0,5.0,5.0,4.0,40.7604,-73.9884
1000000263,MN,14,4,SAMPLE LOT 263,M1-5,4799.0,20828.0,4.34,0.0,5.0,5.0,5.0,40.7604,-73.9876
1000000264,MN,14,5,SAMPLE LOT 264,M1-5,2096.0,6330.0,3.02,0.0,5.0,5.0,4.0,40.7604,-73.98679999999999
1000000265,MN,14,6,SAMPLE LOT 265,M1-2,4209.0,5051.0,1.2,0.0,2.0,2.0,1.0,40.7604,-73.98599999999999
1000000266,MN,14,7,SAMPLE LOT 266,C5-3,3128.0,22772.0,7.28,0.0,15.0,15.0,9.0,40.7604,-73.98519999999999
1000000267,MN,14,8,SAMPLE LOT 267,M1-5,7594.0,34097.0,4.49,0.0,5.0,5.0,5.0,40.7604,-73.9844
1000000268,MN,14,9,SAMPLE LOT 268,M1-6,2569.0,12999.0,5.06,0.0,10.0,10.0,6.0,40.7604,-73.9836
1000000269,MN,14,10,SAMPLE LOT 269,C6-4,2941.0,22116.0,7.52,0.0,10.0,10.0,9.0,40.7604,-73.9828
1000000270,MN,14,11,SAMPLE LOT 270,C6-2,9339.0,31753.0,3.4,0.0,6.0,6.0,4.0,40.7604,-73.982
1000000271,MN,14,12,SAMPLE LOT 271,M1-5,19169.0,87027.0,4.54,0.0,5.0,5.0,5.0,40.7604,-73.9812
1000000272,MN,14,13,SAMPLE LOT 272,M2-3,16210.0,29664.0,1.83,0.0,2.0,2.0,2.0,40.7604,-73.98039999999999
1000000273,MN,14,14,SAMPLE LOT 273,C6-4,4181.0,13379.0,3.2,0.0,10.0,10.0,4.0,40.7604,-73.97959999999999
1000000274,MN,14,15,SAMPLE LOT 274,M1-6,4662.0,44103.0,9.46,0.0,10.0,10.0,11.0,40.7604,-73.97879999999999
1000000275,MN,14,16,SAMPLE LOT 275,C6-2,11701.0,48676.0,4.16,0.0,6.0,6.0,5.0,40.7604,-73.978
1000000276,MN,14,17,SAMPLE LOT 276,M1-2,3666.0,2566.0,0.7,0.0,2.0,2.0,1.0,40.7604,-73.9772
1000000277,MN,14,18,SAMPLE LOT 277,C6-2,2020.0,7555.0,3.74,0.0,6.0,6.0,4.0,40.7604,-73.9764
1000000278,MN,14,19,SAMPLE LOT 278,C6-4,4341.0,14412.0,3.32,0.0,10.0,10.0,4.0,40.7604,-73.9756
1000000279,MN,14,20,SAMPLE LOT 279,C6-4,5487.0,36050.0,6.57,0.0,10.0,10.0,8.0,40.7604,-73.9748
1000000280,MN,15,1,SAMPLE LOT 280,C6-2,2239.0,5642.0,2.52,0.0,6.0,6.0,3.0,40.7612,-73.99
1000000281,MN,15,2,SAMPLE LOT 281,M1-6,1264.0,6813.0,5.39,0.0,10.0,10.0,6.0,40.7612,-73.9892
1000000282,MN,15,3,SAMPLE LOT 282,M1-2,1463.0,1463.0,1.0,0.0,2.0,2.0,1.0,40.7612,-73.9884
1000000283,MN,15,4,SAMPLE LOT 283,M3-1,6373.0,8795.0,1.38,0.0,2.0,2.0,2.0,40.7612,-73.9876
1000000284,MN,15,5,SAMPLE LOT 284,C6-4,2352.0,19639.0,8.35,0.0,10.0,10.0,10.0,40.7612,-73.98679999999999
1000000285,MN,15,6,SAMPLE LOT 285,M1-5,3623.0,16448.0,4.54,0.0,5.0,5.0,5.0,40.7612,-73.98599999999999
1000000286,MN,15,7,SAMPLE LOT 286,M1-5,4642.0,11930.0,2.57,0.0,5.0,5.0,3.0,40.7612,-73.98519999999999
1000000287,MN,15,8,SAMPLE LOT 287,C6-2,6170.0,24803.0,4.02,0.0,6.0,6.0,5.0,40.7612,-73.9844
1000000288,MN,15,9,SAMPLE LOT 288,C6-4,3164.0,9619.0,3.04,0.0,10.0,10.0,4.0,40.7612,-73.9836
1000000289,MN,15,10,SAMPLE LOT 289,C6-4,5671.0,30737.0,5.42,0.0,10.0,10.0,7.0,40.7612,-73.9828
1000000290,MN,15,11,SAMPLE LOT 290,M1-5,2145.0,9910.0,4.62,0.0,5.0,5.0,6.0,40.7612,-73.982
1000000291,MN,15,12,SAMPLE LOT 291,M1-5,3105.0,5868.0,1.89,0.0,5.0,5.0,2.0,40.7612,-73.9812
1000000292,MN,15,13,SAMPLE LOT 292,C6-4,1953.0,16893.0,8.65,0.0,10.0,10.0,10.0,40.7612,-73.98039999999999
1000000293,MN,15,14,SAMPLE LOT 293,C6-2,8833.0,38335.0,4.34,0.0,6.0,6.0,5.0,40.7612,-73.97959999999999
1000000294,MN,15,15,SAMPLE LOT 294,C6-2,3925.0,11579.0,2.95,0.0,6.0,6.0,4.0,40.7612,-73.97879999999999
1000000295,MN,15,16,SAMPLE LOT 295,C5-3,2384.0,28823.0,12.09,0.0,15.0,15.0,15.0,40.7612,-73.978
1000000296,MN,15,17,SAMPLE LOT 296,C5-3,3126.0,22882.0,7.32,0.0,15.0,15.0,9.0,40.7612,-73.9772
1000000297,MN,15,18,SAMPLE LOT 297,C6-4,3425.0,30208.0,8.82,0.0,10.0,10.0,11.0,40.7612,-73.9764
1000000298,MN,15,19,SAMPLE LOT 298,C6-4,6532.0,23123.0,3.54,0.0,10.0,10.0,4.0,40.7612,-73.9756
1000000299,MN,15,20,SAMPLE LOT 299,M1-6,1309.0,4935.0,3.77,0.0,10.0,10.0,5.0,40.7612,-73.9748
1000000300,MN,16,1,SAMPLE LOT 300,C6-2,1935.0,9153.0,4.73,0.0,6.0,6.0,6.0,40.762,-73.99
1000000301,MN,16,2,SAMPLE LOT 301,M1-5,3070.0,9087.0,2.96,0.0,5.0,5.0,4.0,40.762,-73.9892
1000000302,MN,16,3,SAMPLE LOT 302,C6-4,23545.0,93238.0,3.96,0.0,10.0,10.0,5.0,40.762,-73.9884
1000000303,MN,16,4,SAMPLE LOT 303,C6-4,7809.0,49509.0,6.34,0.0,10.0,10.0,8.0,40.762,-73.9876
1000000304,MN,16,5,SAMPLE LOT 304,C6-2,3700.0,10952.0,2.96,0.0,6.0,6.0,4.0,40.762,-73.98679999999999
1000000305,MN,16,6,SAMPLE LOT 305,M2-3,6584.0,8625.0,1.31,0.0,2.0,2.0,2.0,40.762,-73.98599999999999
1000000306,MN,16,7,SAMPLE LOT 306,M1-6,16886.0,132217.0,7.83,0.0,10.0,10.0,9.0,40.762,-73.98519999999999
1000000307,MN,16,8,SAMPLE LOT 307,M2-3,3396.0,5807.0,1.71,0.0,2.0,2.0,2.0,40.762,-73.9844
1000000308,MN,16,9,SAMPLE LOT 308,M1-2,3095.0,2105.0,0.68,0.0,2.0,2.0,1.0,40.762,-73.9836
1000000309,MN,16,10,SAMPLE LOT 309,C6-4,9343.0,64000.0,6.85,0.0,10.0,10.0,8.0,40.762,-73.9828
1000000310,MN,16,11,SAMPLE LOT 310,C6-2,5653.0,31883.0,5.64,0.0,6.0,6.0,7.0,40.762,-73.982
1000000311,MN,16,12,SAMPLE LOT 311,M1-6,6400.0,38336.0,5.99,0.0,10.0,10.0,7.0,40.762,-73.9812
1000000312,MN,16,13,SAMPLE LOT 312,C6-2,2803.0,13454.0,4.8,0.0,6.0,6.0,6.0,40.762,-73.98039999999999
1000000313,MN,16,14,SAMPLE LOT 313,C6-2,15383.0,33535.0,2.18,0.0,6.0,6.0,3.0,40.762,-73.97959999999999
1000000314,MN,16,15,SAMPLE LOT 314,M1-6,13237.0,114897.0,8.68,0.0,10.0,10.0,10.0,40.762,-73.97879999999999
1000000315,MN,16,16,SAMPLE LOT 315,C6-4,5944.0,40300.0,6.78,0.0,10.0,10.0,8.0,40.762,-73.978
1000000316,MN,16,17,SAMPLE LOT 316,C5-3,6458.0,84987.0,13.16,0.0,15.0,15.0,16.0,40.762,-73.9772
1000000317,MN,16,18,SAMPLE LOT 317,M1-6,968.0,7860.0,8.12,0.0,10.0,10.0,10.0,40.762,-73.9764
1000000318,MN,16,19,SAMPLE LOT 318,M1-5,6251.0,27067.0,4.33,0.0,5.0,5.0,5.0,40.762,-73.9756
1000000319,MN,16,20,SAMPLE LOT 319,C6-4,3492.0,11768.0,3.37,0.0,10.0,10.0,4.0,40.762,-73.9748
1000000320,MN,17,1,SAMPLE LOT 320,C5-3,5420.0,62222.0,11.48,0.0,15.0,15.0,14.0,40.7628,-73.99
1000000321,MN,17,2,SAMPLE LOT 321,M1-5,6450.0,13803.0,2.14,0.0,5.0,5.0,3.0,40.7628,-73.9892
1000000322,MN,17,3,SAMPLE LOT 322,C6-2,3150.0,8946.0,2.84,0.0,6.0,6.0,3.0,40.7628,-73.9884
1000000323,MN,17,4,SAMPLE LOT 323,C6-4,1225.0,6260.0,5.11,0.0,10.0,10.0,6.0,40.7628,-73.9876
1000000324,MN,17,5,SAMPLE LOT 324,C5-3,5175.0,53147.0,10.27,0.0,15.0,15.0,12.0,40.7628,-73.98679999999999
1000000325,MN,17,6,SAMPLE LOT 325,M1-5,2381.0,8429.0,3.54,0.0,5.0,5.0,4.0,40.7628,-73.98599999999999
1000000326,MN,17,7,SAMPLE LOT 326,M1-2,3175.0,5747.0,1.81,0.0,2.0,2.0,2.0,40.7628,-73.98519999999999
1000000327,MN,17,8,SAMPLE LOT 327,C5-3,2620.0,12104.0,4.62,0.0,15.0,15.0,6.0,40.7628,-73.9844
1000000328,MN,17,9,SAMPLE LOT 328,M1-5,3149.0,6707.0,2.13,0.0,5.0,5.0,3.0,40.7628,-73.9836
1000000329,MN,17,10,SAMPLE LOT 329,M1-5,794.0,2128.0,2.68,0.0,5.0,5.0,3.0,40.7628,-73.9828
1000000330,MN,17,11,SAMPLE LOT 330,C6-2,9376.0,46786.0,4.99,0.0,6.0,6.0,6.0,40.7628,-73.982
1000000331,MN,17,12,SAMPLE LOT 331,M2-3,4776.0,6257.0,1.31,0.0,2.0,2.0,2.0,40.7628,-73.9812
1000000332,MN,17,13,SAMPLE LOT 332,C6-4,8708.0,55122.0,6.33,0.0,10.0,10.0,8.0,40.7628,-73.98039999999999
1000000333,MN,17,14,SAMPLE LOT 333,M1-5,15994.0,63496.0,3.97,0.0,5.0,5.0,5.0,40.7628,-73.97959999999999
1000000334,MN,17,15,SAMPLE LOT 334,C5-3,4064.0,44257.0,10.89,0.0,15.0,15.0,13.0,40.7628,-73.97879999999999
1000000335,MN,17,16,SAMPLE LOT 335,M1-5,1133.0,2765.0,2.44,0.0,5.0,5.0,3.0,40.7628,-73.978
1000000336,MN,17,17,SAMPLE LOT 336,C6-4,2140.0,7640.0,3.57,0.0,10.0,10.0,4.0,40.7628,-73.9772
1000000337,MN,17,18,SAMPLE LOT 337,M1-2,1719.0,2063.0,1.2,0.0,2.0,2.0,1.0,40.7628,-73.9764
1000000338,MN,17,19,SAMPLE LOT 338,M2-3,2815.0,4898.0,1.74,0.0,2.0,2.0,2.0,40.7628,-73.9756
1000000339,MN,17,20,SAMPLE LOT 339,M1-2,4229.0,5836.0,1.38,0.0,2.0,2.0,2.0,40.7628,-73.9748
1000000340,MN,18,1,SAMPLE LOT 340,M1-6,985.0,3300.0,3.35,0.0,10.0,10.0,4.0,40.7636,-73.99
1000000341,MN,18,2,SAMPLE LOT 341,M1-6,5084.0,29792.0,5.86,0.0,10.0,10.0,7.0,40.7636,-73.9892
1000000342,MN,18,3,SAMPLE LOT 342,C6-2,1390.0,4587.0,3.3,0.0,6.0,6.0,4.0,40.7636,-73.9884
1000000343,MN,18,4,SAMPLE LOT 343,M2-3,4926.0,6699.0,1.36,0.0,2.0,2.0,2.0,40.7636,-73.9876
1000000344,MN,18,5,SAMPLE LOT 344,M1-2,3705.0,5039.0,1.36,0.0,2.0,2.0,2.0,40.7636,-73.98679999999999
1000000345,MN,18,6,SAMPLE LOT 345,C5-3,3212.0,44261.0,13.78,0.0,15.0,15.0,17.0,40.7636,-73.98599999999999
1000000346,MN,18,7,SAMPLE LOT 346,C6-4,3801.0,19765.0,5.2,0.0,10.0,10.0,6.0,40.7636,-73.98519999999999
1000000347,MN,18,8,SAMPLE LOT 347,C5-3,2741.0,23244.0,8.48,0.0,15.0,15.0,10.0,40.7636,-73.9844
1000000348,MN,18,9,SAMPLE LOT 348,M1-5,2605.0,9091.0,3.49,0.0,5.0,5.0,4.0,40.7636,-73.9836
1000000349,MN,18,10,SAMPLE LOT 349,M1-6,1232.0,10792.0,8.76,0.0,10.0,10.0,11.0,40.7636,-73.9828
1000000350,MN,18,11,SAMPLE LOT 350,M1-5,3918.0,14849.0,3.79,0.0,5.0,5.0,5.0,40.7636,-73.982
1000000351,MN,18,12,SAMPLE LOT 351,M1-5,14558.0,44111.0,3.03,0.0,5.0,5.0,4.0,40.7636,-73.9812
1000000352,MN,18,13,SAMPLE LOT 352,M1-2,16001.0,26562.0,1.66,0.0,2.0,2.0,2.0,40.7636,-73.98039999999999
1000000353,MN,18,14,SAMPLE LOT 353,M3-1,10090.0,12411.0,1.23,0.0,2.0,2.0,1.0,40.7636,-73.97959999999999
1000000354,MN,18,15,SAMPLE LOT 354,M1-5,6556.0,30354.0,4.63,0.0,5.0,5.0,6.0,40.7636,-73.97879999999999
1000000355,MN,18,16,SAMPLE LOT 355,M1-5,2491.0,6028.0,2.42,0.0,5.0,5.0,3.0,40.7636,-73.978
1000000356,MN,18,17,SAMPLE LOT 356,C6-4,10982.0,42061.0,3.83,0.0,10.0,10.0,5.0,40.7636,-73.9772
1000000357,MN,18,18,SAMPLE LOT 357,M3-1,3846.0,6461.0,1.68,0.0,2.0,2.0,2.0,40.7636,-73.9764
1000000358,MN,18,19,SAMPLE LOT 358,M1-5,3812.0,9416.0,2.47,0.0,5.0,5.0,3.0,40.7636,-73.9756
1000000359,MN,18,20,SAMPLE LOT 359,C6-2,3262.0,16636.0,5.1,0.0,6.0,6.0,6.0,40.7636,-73.9748
1000000360,MN,19,1,SAMPLE LOT 360,M1-5,4266.0,14846.0,3.48,0.0,5.0,5.0,4.0,40.7644,-73.99
1000000361,MN,19,2,SAMPLE LOT 361,M3-1,2950.0,3717.0,1.26,0.0,2.0,2.0,2.0,40.7644,-73.9892
1000000362,MN,19,3,SAMPLE LOT 362,M1-5,3772.0,6714.0,1.78,0.0,5.0,5.0,2.0,40.7644,-73.9884
1000000363,MN,19,4,SAMPLE LOT 363,M3-1,1872.0,3033.0,1.62,0.0,2.0,2.0,2.0,40.7644,-73.9876
1000000364,MN,19,5,SAMPLE LOT 364,C6-2,3079.0,6343.0,2.06,0.0,6.0,6.0,2.0,40.7644,-73.98679999999999
1000000365,MN,19,6,SAMPLE LOT 365,C6-2,19741.0,109760.0,5.56,0.0,6.0,6.0,7.0,40.7644,-73.98599999999999
1000000366,MN,19,7,SAMPLE LOT 366,M1-6,3810.0,33147.0,8.7,0.0,10.0,10.0,10.0,40.7644,-73.98519999999999
1000000367,MN,19,8,SAMPLE LOT 367,C6-4,3385.0,16823.0,4.97,0.0,10.0,10.0,6.0,40.7644,-73.9844
1000000368,MN,19,9,SAMPLE LOT 368,C6-4,5806.0,22237.0,3.83,0.0,10.0,10.0,5.0,40.7644,-73.9836
1000000369,MN,19,10,SAMPLE LOT 369,M1-5,6566.0,28759.0,4.38,0.0,5.0,5.0,5.0,40.7644,-73.9828
1000000370,MN,19,11,SAMPLE LOT 370,M1-5,1834.0,5612.0,3.06,0.0,5.0,5.0,4.0,40.7644,-73.982
1000000371,MN,19,12,SAMPLE LOT 371,M1-5,3460.0,6609.0,1.91,0.0,5.0,5.0,2.0,40.7644,-73.9812
1000000372,MN,19,13,SAMPLE LOT 372,C5-3,7607.0,71202.0,9.36,0.0,15.0,15.0,11.0,40.7644,-73.98039999999999
1000000373,MN,19,14,SAMPLE LOT 373,C5-3,4832.0,33389.0,6.91,0.0,15.0,15.0,8.0,40.7644,-73.97959999999999
1000000374,MN,19,15,SAMPLE LOT 374,M1-5,4356.0,12327.0,2.83,0.0,5.0,5.0,3.0,40.7644,-73.97879999999999
1000000375,MN,19,16,SAMPLE LOT 375,C5-3,11871.0,127495.0,10.74,0.0,15.0,15.0,13.0,40.7644,-73.978
1000000376,MN,19,17,SAMPLE LOT 376,M1-5,2489.0,11126.0,4.47,0.0,5.0,5.0,5.0,40.7644,-73.9772
1000000377,MN,19,18,SAMPLE LOT 377,M3-1,4239.0,6952.0,1.64,0.0,2.0,2.0,2.0,40.7644,-73.9764
1000000378,MN,19,19,SAMPLE LOT 378,M3-1,2779.0,2251.0,0.81,0.0,2.0,2.0,1.0,40.7644,-73.9756
1000000379,MN,19,20,SAMPLE LOT 379,C5-3,11353.0,103880.0,9.15,0.0,15.0,15.0,11.0,40.7644,-73.9748
1000000380,MN,20,1,SAMPLE LOT 380,M1-2,1020.0,1265.0,1.24,0.0,2.0,2.0,1.0,40.7652,-73.99
1000000381,MN,20,2,SAMPLE LOT 381,M1-6,2502.0,23594.0,9.43,0.0,10.0,10.0,11.0,40.7652,-73.9892
1000000382,MN,20,3,SAMPLE LOT 382,C6-2,2762.0,5911.0,2.14,0.0,6.0,6.0,3.0,40.7652,-73.9884
1000000383,MN,20,4,SAMPLE LOT 383,M1-2,6365.0,8020.0,1.26,0.0,2.0,2.0,2.0,40.7652,-73.9876
1000000384,MN,20,5,SAMPLE LOT 384,M1-5,6115.0,27334.0,4.47,0.0,5.0,5.0,5.0,40.7652,-73.98679999999999
1000000385,MN,20,6,SAMPLE LOT 385,M2-3,10622.0,11897.0,1.12,0.0,2.0,2.0,1.0,40.7652,-73.98599999999999
1000000386,MN,20,7,SAMPLE LOT 386,C6-4,1329.0,6246.0,4.7,0.0,10.0,10.0,6.0,40.7652,-73.98519999999999
1000000387,MN,20,8,SAMPLE LOT 387,C6-4,6764.0,44710.0,6.61,0.0,10.0,10.0,8.0,40.7652,-73.9844
1000000388,MN,20,9,SAMPLE LOT 388,C6-4,3258.0,16551.0,5.08,0.0,10.0,10.0,6.0,40.7652,-73.9836
1000000389,MN,20,10,SAMPLE LOT 389,C6-4,2510.0,22665.0,9.03,0.0,10.0,10.0,11.0,40.7652,-73.9828
1000000390,MN,20,11,SAMPLE LOT 390,C6-2,5836.0,12431.0,2.13,0.0,6.0,6.0,3.0,40.7652,-73.982
1000000391,MN,20,12,SAMPLE LOT 391,C6-4,2101.0,9118.0,4.34,0.0,10.0,10.0,5.0,40.7652,-73.9812
1000000392,MN,20,13,SAMPLE LOT 392,C6-2,935.0,1992.0,2.13,0.0,6.0,6.0,3.0,40.7652,-73.98039999999999
1000000393,MN,20,14,SAMPLE LOT 393,C6-4,3087.0,23554.0,7.63,0.0,10.0,10.0,9.0,40.7652,-73.97959999999999
1000000394,MN,20,15,SAMPLE LOT 394,M1-6,1402.0,6884.0,4.91,0.0,10.0,10.0,6.0,40.7652,-73.97879999999999
1000000395,MN,20,16,SAMPLE LOT 395,M1-5,2540.0,11252.0,4.43,0.0,5.0,5.0,5.0,40.7652,-73.978
1000000396,MN,20,17,SAMPLE LOT 396,C6-4,5188.0,45706.0,8.81,0.0,10.0,10.0,11.0,40.7652,-73.9772
1000000397,MN,20,18,SAMPLE LOT 397,M1-5,4976.0,22591.0,4.54,0.0,5.0,5.0,5.0,40.7652,-73.9764
1000000398,MN,20,19,SAMPLE LOT 398,C5-3,12148.0,85036.0,7.0,0.0,15.0,15.0,8.0,40.7652,-73.9756
1000000399,MN,20,20,SAMPLE LOT 399,C6-2,3478.0,6260.0,1.8,0.0,6.0,6.0,2.0,40.7652,-73.9748
