stco,irrig_share
1001,0.0
1003,0.07959479015918958
1005,0.0
1011,0.0
1015,0.0
1019,0.0
1021,0.0
1025,0.0
1031,0.2810945273631841
1033,0.0946826596146581
1039,0.0
1041,0.33201892744479494
1043,0.0
1045,0.0
1049,0.0
1051,0.2745331744139849
1053,0.008528784648187633
1059,0.0
1061,0.18379345603271985
1063,
1065,0.0
1067,0.15002311604253352
1069,0.3929434509424843
1071,0.0
1073,0.9615384615384616
1077,0.0
1079,0.031185816116950586
1081,0.0
1083,0.17703366436023374
1085,0.0
1087,0.0
1089,0.05481170069949834
1091,0.0
1097,
1099,0.0
1101,0.0
1105,0.049520515642194625
1107,
1109,0.3697767601602748
1115,0.16058394160583941
1117,0.6533166458072591
1119,0.0
1121,0.2492812649736464
1123,0.0
1125,0.14106583072100312
4003,0.48238055928180784
4009,0.3651705565529623
4011,
4013,1.0
4017,
4021,1.0
4025,
4027,1.0
5001,0.9369372003274471
5003,0.9774054467063253
5005,
5017,0.4424203747751929
5021,0.8418199371240439
5029,0.0
5031,0.9138284012655872
5033,0.288
5035,0.0
5037,0.9949804236522437
5041,0.44070168711656443
5043,0.9126910367616687
5045,0.0
5055,0.819871065604854
5063,0.0
5065,
5067,0.7008694402529281
5069,0.4287273448868898
5071,0.0
5073,0.794732441471572
5075,0.8121306376360808
5077,0.82732881736204
5079,0.0
5081,0.8574275362318841
5083,0.14824281150159743
5085,0.852876254180602
5091,0.2384304890641134
5093,0.7348881942774705
5095,0.7644895439048616
5105,
5107,0.449844344517468
5111,0.8990565173582487
5115,0.0
5117,0.0
5119,0.6293979671618452
5121,0.7413559322033898
5123,0.8828818509821889
5145,0.9579016971567115
5147,0.8535450046548092
5149,0.30421909696521093
6005,
6007,1.0
6011,1.0
6013,1.0
6017,1.0
6019,1.0
6021,0.9961453744493393
6023,1.0
6025,1.0
6029,1.0
6031,1.0
6037,
6039,1.0
6045,
6047,0.9128188110363137
6049,
6053,
6055,1.0
6057,1.0
6059,1.0
6061,
6065,
6067,0.47780678851174935
6069,1.0
6071,1.0
6073,1.0
6077,0.4727592932755127
6079,1.0
6081,
6083,
6085,1.0
6089,1.0
6095,0.9694262030358488
6097,1.0
6099,0.4870698432091224
6101,0.9804844049485973
6103,1.0
6107,1.0
6109,0.5
6113,0.9582338902147971
6115,
8001,0.19486159590875882
8005,
8009,0.5665938438731323
8011,0.0
8013,0.731764705882353
8014,0.7869507323568575
8017,0.41307457092128624
8025,0.9910714285714286
8029,0.8706002034587996
8033,
8035,0.0
8039,0.0
8041,0.5
8061,0.033024471370871944
8063,0.5412945231711987
8067,
8069,0.8045680428134556
8071,1.0
8073,0.062290938824054114
8075,0.5765805099545931
8077,0.38517034068136274
8083,0.0
8085,0.9027665860864894
8087,0.776734339376832
8089,0.9143465443825746
8095,0.5211492871756568
8099,0.6501474097992419
8101,0.8520921906466771
8115,0.6175072561309048
8121,0.47501768258401494
8123,0.4096840209989689
8125,0.8316439391818106
9003,0.0
9011,0.0
9013,0.0
10001,0.2597960891729438
10003,0.13143506976337313
10005,0.4862908512032962
12001,0.4197026022304833
12003,0.0
12005,
12007,0.0
12013,0.0
12021,
12023,0.7405368203716449
12029,
12033,0.27768255056564967
12035,
12039,0.0765379113018598
12041,0.0
12043,
12047,0.7164958421968671
12049,1.0
12057,0.6904761904761905
12059,0.0
12063,0.2578836720392432
12065,0.010802469135802469
12067,0.773524720893142
12069,
12073,
12075,0.0
12079,0.20486883059137395
12083,
12086,
12089,0.0
12091,0.012939001848428836
12099,0.0
12107,
12109,0.0
12113,0.055412371134020616
12121,0.21491416309012876
12123,
12127,0.0
12129,0.2
12131,0.0
12133,0.4218289085545723
13001,0.0
13003,0.2915335463258786
13005,0.0
13007,0.7373628993800667
13013,0.23809523809523808
13015,0.31006071118820466
13017,0.6409317803660566
13019,0.4400327466230045
13023,0.8754012841091493
13025,0.15098039215686274
13027,0.37142857142857144
13029,
13031,0.26584173236203973
13033,0.39922547332185887
13037,0.6609957708573626
13043,0.4148936170212766
13049,0.0
13055,0.0
13061,0.0
13065,0.0
13069,0.7413977345586664
13071,0.619887730553328
13075,0.48605150214592274
13079,
13081,0.7267188859878155
13085,0.0
13087,0.2036213220947475
13091,0.8959417273673257
13093,0.6340579710144928
13095,1.0
13099,0.6569896234114492
13101,0.0
13103,0.23614609571788414
13105,0.0
13107,0.08213457076566125
13109,0.48850174216027875
13111,0.0
13113,
13115,0.15857284440039643
13119,0.4691689008042895
13125,0.0
13129,0.13076923076923078
13131,0.23898581649303377
13133,0.0
13137,
13139,0.005313496280552604
13145,0.0
13147,0.8225308641975309
13153,0.0
13155,0.620825554864136
13159,0.0
13161,0.8143624816805081
13163,0.3727435811189595
13165,0.8153446033810143
13167,0.0
13171,
13173,0.7914547304170906
13175,0.2448881017549509
13177,0.6089591957421644
13185,0.36857142857142855
13193,0.36731605825609986
13195,0.6
13197,0.6033789219629928
13199,0.0
13201,0.7711559734513275
13205,0.0
13209,0.9457317073170731
13211,
13213,0.0
13217,
13219,0.0
13225,0.0
13227,0.0
13229,0.8846037048284239
13231,0.0
13235,0.8107361963190184
13241,0.07086614173228346
13243,0.7060658038359582
13249,0.6046511627906976
13251,0.6350078492935636
13253,0.8120404901438466
13259,0.0
13261,0.3055241859589686
13267,0.5527481114873665
13269,0.3582443653618031
13271,0.7950346420323325
13273,0.5741749439282281
13275,0.29423531551191123
13277,0.6723691031622603
13279,0.7293759512937595
13283,0.0
13287,0.4527620030975736
13289,0.967373572593801
13293,0.0
13297,
13299,0.6762445706648847
13303,0.576972359509427
13305,0.3064638783269962
13307,0.2267818574514039
13309,0.3984088127294982
13315,0.9114557278639319
13317,
13319,0.0
13321,0.7306362821661759
15003,0.0
15007,1.0
15009,
16001,0.9456798506195893
16003,
16011,1.0
16019,1.0
16025,
16027,0.5038691730590913
16031,1.0
16037,
16039,1.0
16041,1.0
16045,0.9808465358240719
16047,1.0
16051,
16053,1.0
16063,1.0
16067,1.0
16071,
16073,0.9382798573975044
16075,1.0
16077,1.0
16083,1.0
16087,1.0
17001,0.012040029541096679
17003,0.2396687230626215
17007,0.0
17009,0.007215764477447456
17011,0.033167377055052114
17015,0.03370371591546045
17017,0.2000249478363422
17019,0.037715699307275675
17023,0.030499709319982297
17025,0.0
17027,0.004830822425290195
17031,
17033,0.05204113781618507
17037,0.005821767852723361
17039,0.0
17041,2.406989898665725e-05
17045,0.0
17047,0.0
17049,0.0066388485161048335
17051,3.9315903282877924e-05
17053,0.0029098139537703308
17057,0.009753121958574935
17059,0.16712777841579404
17061,0.04837321798181353
17063,0.0
17067,0.015557660579522856
17071,0.08788581277081235
17073,0.027886601748359212
17075,0.008215357144837607
17077,0.017211241091838105
17081,0.0
17091,0.0382457109844013
17093,0.0
17095,0.0
17099,0.013568732469151478
17101,0.10503640458854958
17103,0.0892754336717475
17105,0.0
17107,0.004653336482459534
17109,0.0
17111,0.05739973431174089
17113,0.0040059052323765726
17119,0.003366068073007729
17123,0.008697089643391774
17125,0.41794502399861005
17127,0.13452610890854258
17129,0.0400324327295715
17131,0.04320819345273598
17133,0.047799240025332486
17135,0.0
17137,0.02292575723795267
17141,0.0024392520192764544
17143,0.015115375101593696
17145,0.0
17147,0.0054185758964288315
17149,0.006611177459845475
17151,0.01918047079337402
17153,0.04337506399218132
17155,0.0
17157,0.0
17159,0.0
17161,0.04949609493539474
17163,0.0
17167,0.0022871747820958125
17169,0.017369015968032097
17171,0.048569911946543434
17179,0.16407112054825568
17181,0.0
17183,0.0
17185,0.015753177679617775
17187,0.03040724171091692
17189,0.0
17191,0.015132295928394048
17193,0.07913556445367212
17195,0.17408930477193008
17197,0.0
17201,0.003739912079259891
17203,0.0018930214789515398
18001,0.00017540072319067407
18003,0.0015777750278430887
18005,0.1177758028359575
18007,0.0
18011,0.0
18015,0.0
18017,0.012265402651595718
18019,0.0
18021,0.0
18023,0.0
18027,0.04762524882332149
18029,0.0
18031,0.0
18033,0.007513761275874338
18037,0.0
18039,0.2832509707024356
18045,0.0
18047,0.0
18049,0.1784815325799623
18051,0.022683415255780083
18055,0.030607364897178385
18057,0.04138480526176006
18059,0.0
18069,0.005552281804491586
18071,0.027847428637850585
18073,0.08858803944812975
18077,0.0
18079,0.0
18081,0.025521073238139107
18083,0.13529457525152994
18085,0.10783309497120327
18087,0.3010046436075357
18089,0.08284861275544346
18091,0.3269867900387232
18093,0.0
18095,0.0
18097,0.0
18099,0.10323645079951438
18101,0.0
18103,0.031008328375966687
18105,0.0
18107,0.0
18111,0.04247904846931429
18113,0.16562838989617232
18117,0.0
18121,0.03095022624434389
18125,0.0
18127,0.10691403224670844
18129,0.09751828359502271
18131,0.10532811385155331
18133,0.00024115755627009645
18135,0.0
18137,0.0
18139,0.0
18141,0.2652428007127637
18145,0.021442529443867403
18147,0.0
18149,0.27440565705692255
18151,0.0476047814494143
18153,0.04705835972508772
18157,0.02738865383293903
18159,0.009858173179509794
18163,0.0
18165,0.0
18167,0.01417126293329039
18169,0.02099308939372167
18171,0.019310654541371954
18175,0.0
18177,0.009013398294762484
18181,0.02270651936259694
18183,0.0
19005,0.0
19015,0.0
19017,0.0
19021,0.0034618551734568698
19023,0.0017499771078576007
19025,0.0
19027,0.0
19029,0.002916895009457811
19031,0.001670412813048872
19033,0.0
19037,0.0007674646166834016
19041,0.0
19043,0.0
19047,0.003995826121522803
19049,0.0
19053,0.0
19055,0.0
19057,0.03888905900725725
19059,0.008811824900511654
19063,0.0018232450132888256
19065,0.00046918069321447424
19067,0.008611927671979892
19071,0.049066348827969807
19073,0.0
19077,0.0
19079,0.0
19081,0.0035446155030035447
19085,0.07956673844098702
19089,0.000478203081596917
19093,0.0
19095,0.0
19097,0.0
19099,0.004074225630259576
19101,0.0
19105,0.0
19109,0.0007196995931739957
19111,0.01242551859916294
19113,0.0
19115,0.10055022573363431
19119,0.005884162756711022
19123,0.0
19127,0.0
19129,0.0
19131,0.005747634069400631
19133,0.23737379722235388
19137,0.0
19139,0.053348467650397274
19141,0.0030114589155953047
19143,0.009261449762987496
19145,0.0
19147,0.01738286065033533
19149,0.006005548788740019
19151,0.0022406964295116688
19153,0.0
19155,0.009219519949133684
19161,0.0010750411284674148
19165,0.0
19167,0.02273291869356857
19169,0.0016656449885138608
19179,0.0
19181,0.0
19183,0.0
19187,0.0
19191,0.0
19193,0.01760695323791773
19195,0.008178799237193397
20001,0.0
20003,0.015388556789069172
20007,0.5078681710213777
20009,0.6652924503993816
20011,0.0
20013,0.03263101848330418
20015,0.03323773501253862
20021,0.006078579454401444
20023,0.5466945901365903
20025,0.5836575875486382
20027,0.4819440589632097
20029,0.3128696266219437
20031,0.018817391304347827
20033,0.0
20035,0.06754755666932452
20037,0.013551070477066681
20039,0.10300666750534658
20041,0.12634768515256148
20043,0.012713728272437035
20045,0.0640938978676335
20047,0.7609331772717599
20051,0.0
20053,0.06786339754816112
20055,0.8614542077226095
20057,0.7695048265568956
20059,0.04475360891378621
20061,0.20967407099854682
20063,0.15742237028565745
20065,0.2289875416739779
20067,0.8021411172292388
20069,0.9223745071600471
20071,0.34903634041565074
20073,0.0
20075,0.46785294611381567
20077,0.13458029197080293
20079,0.3948760645955838
20081,0.9018295108047196
20083,0.0
20085,0.0136986301369863
20087,0.06517690875232775
20089,0.31040498442367603
20091,0.0024034017378443337
20093,0.9282634261074089
20095,0.708705443814553
20097,0.9316651035893938
20099,0.0
20101,0.5369194484760522
20103,0.0
20105,0.15854823304680038
20109,0.10324639857991398
20113,0.4618028935328305
20115,0.06072300096475796
20117,0.02272832637923041
20119,0.9083680464012654
20121,0.015141264778840887
20123,0.23197373405733046
20125,0.05201824016213477
20127,0.0
20129,0.8013470351340092
20131,0.00838362020975751
20135,0.19081272084805653
20137,0.13584738243123337
20141,0.3017539367558571
20143,0.1509006884843912
20145,0.8473021582733813
20147,0.08938811061914785
20149,0.3164231130178308
20151,0.8125211505922166
20153,0.18376365892786875
20155,0.6499368896565468
20157,0.36213998001150854
20159,0.4379016047714766
20161,0.12956810631229235
20163,0.18429890848026867
20165,0.7228183581124757
20167,0.0
20169,0.10175879396984924
20171,0.45589392393996797
20173,0.5236681685661277
20175,0.8954096919819424
20177,0.301068462629127
20179,0.4019058521916494
20181,0.5915867078657776
20183,0.11626593752786281
20185,0.6189872550363162
20187,0.6923521386726587
20189,0.8389557406836025
20191,0.15944435220543474
20193,0.3188957878838731
20195,0.3129529582290157
20197,0.22577223916213707
20199,0.5933286789232798
20201,0.09167941212664592
20203,0.6257199113955205
20205,0.018583681548273587
20209,0.0
21003,0.002905287623474724
21007,0.0
21011,0.0
21013,0.0
21015,0.0
21021,0.030343897505057317
21031,0.0
21033,0.0
21035,0.023869395334442337
21039,0.0
21041,0.0
21047,0.0037360853787379994
21051,0.13780918727915195
21055,0.036131109421812815
21059,0.07718356729394671
21069,0.0
21075,0.06981777258364714
21079,0.0297029702970297
21083,0.018052401133250604
21087,0.0
21091,0.0
21093,0.005741194684556831
21095,
21097,0.0
21099,0.0
21101,0.054947134674102296
21103,0.0029282576866764276
21105,0.07079198076540666
21107,0.0
21113,0.0
21123,0.0
21127,0.0
21129,0.0
21135,0.0
21137,0.0
21141,0.0
21143,0.0
21145,0.0
21149,0.02257636122177955
21151,0.010810810810810811
21155,0.0
21161,0.0
21169,0.0
21175,0.0
21177,0.0
21179,0.009147922855660866
21181,0.0
21183,0.0
21185,0.0
21191,0.19558359621451105
21199,0.0
21203,0.005907837731390311
21209,0.0
21211,0.0
21219,0.0
21221,0.0
21225,0.019312737310812383
21227,0.0
21229,0.00578125
21233,0.0
22003,0.0
22009,0.24811625403659848
22011,0.062320230105465
22017,0.16643973777105395
22021,0.4201977401129944
22025,0.5233819300812188
22029,0.1163765312701483
22033,0.29508196721311475
22035,0.7001018831958458
22039,0.0
22041,0.38509927107244973
22043,0.0
22055,
22057,0.0
22065,0.4940283985955809
22067,0.4036847571556668
22069,0.2787189603156185
22073,0.19724375538329025
22077,0.0
22079,0.2061940528860994
22081,0.0
22083,0.3835985719787254
22097,0.0
22107,0.14731479275169918
22123,0.4029163104398214
23011,0.0
23015,
23019,
23023,
23029,0.0
24003,0.0
24005,0.0
24009,0.0
24011,0.30382167207587996
24013,0.0
24015,0.0
24017,0.0
24019,0.41975531415785483
24021,0.0
24025,0.0
24029,0.08186775571870353
24031,0.0
24033,0.0019421665947345706
24035,0.17607885465246523
24037,0.0028317915801397016
24039,0.0
24041,0.14950228679042238
24043,0.011248484848484848
24045,0.20743470743470743
24047,0.11236756316218419
25007,
25011,0.0
25013,
25015,0.0
25017,0.04878048780487805
26005,0.1708313722134269
26009,0.028555586359855837
26015,0.049788470947132124
26017,0.031874298540965205
26021,0.18498196193644553
26023,0.3154308525282188
26025,0.08773835044567302
26027,0.530906120543789
26031,0.0
26033,
26037,0.013203305575784441
26041,0.0
26043,0.0
26045,0.012517624941250196
26053,0.0
26055,0.0
26057,0.044524036407846745
26059,0.06598399076945266
26063,0.009358860958141924
26065,0.0
26067,0.04172557410874632
26073,0.04495359628770302
26075,0.0443362765074334
26077,0.47729364835839216
26081,0.08800441401449602
26087,0.007014568719648501
26089,0.0
26091,0.02644850858628931
26099,0.01796519243964818
26101,0.09652019304038609
26105,0.07946103423160962
26107,0.2876593279258401
26111,0.020526271962694645
26113,0.13621368521868682
26115,0.03718423969121412
26117,0.34098464964606695
26121,0.09053308823529412
26123,0.08746895651807889
26127,0.21831143792314936
26133,0.0
26139,0.16529109474761408
26141,0.0
26145,0.006055974228250249
26147,0.0
26149,0.72593902610583
26151,0.0027681858394452215
26155,0.006488156539649846
26157,0.02874238103226528
26159,0.16830577853383658
26161,0.018721784544569353
26163,0.0
26165,0.0
27003,0.0
27005,0.008762181294927058
27009,0.0938026805534692
27011,0.012922868741542625
27013,0.005423785971223022
27015,0.008905094361618071
27021,0.2174232407815484
27023,0.023268807309297663
27025,0.008342998241610236
27027,0.04202688399013724
27033,0.006763664027767872
27035,0.0
27037,0.3420597020604631
27039,0.0
27041,0.04341271200959397
27043,0.0
27045,0.00010039152695512498
27047,0.007458519463943842
27049,0.017759917782435235
27051,0.029509757258448358
27055,0.0
27057,0.6104130420774534
27059,0.06277580393310553
27061,0.0
27067,0.0876877185764246
27069,0.0
27073,0.011958729819309313
27079,0.0
27081,0.0
27083,0.0
27089,0.0
27091,0.0011817566833977802
27093,0.04620496397117694
27095,0.0
27097,0.13705605116983674
27099,0.008874757168711707
27105,0.0
27107,0.0
27109,0.0006524715807272761
27111,0.1292674453541651
27113,0.0
27117,0.023327309362082216
27119,0.003673258322783117
27121,0.1773210710168419
27123,
27125,0.0
27129,0.0002931282366242794
27131,0.005193475239558189
27133,0.011567763516600108
27139,0.0
27141,0.40050888070946866
27143,0.00011274147815352007
27145,0.13105622431631198
27147,0.0036533633451649207
27149,0.08911962365591398
27151,0.11024378527681038
27153,0.06917464864380986
27155,0.002291847370016995
27157,0.013562890939493404
27159,0.6314916293801217
27161,4.329566610382301e-05
27163,0.05297147385103011
27165,0.02102713490198603
27167,0.009515275250122406
27171,0.02284633745621377
27173,0.0
28001,
28007,0.0
28009,0.0
28011,0.3832049551338045
28013,0.07512783532188279
28015,0.46292004634994205
28017,0.09458966565349544
28021,0.0
28025,0.0
28027,0.8704279765189905
28031,1.0
28033,0.1612388977453883
28035,
28037,0.0
28041,0.02968036529680365
28043,
28049,0.0
28051,0.3203713855008908
28053,0.32118809388962305
28055,0.33898711417440813
28063,0.0
28065,0.0
28067,0.0
28071,0.05239520958083832
28073,0.0
28075,0.0
28077,0.0
28081,0.0
28083,0.7894253768704456
28087,0.20023684989637816
28093,0.10874485596707818
28097,0.0
28101,0.0
28103,0.12456381213889366
28105,
28107,0.1696812050087714
28109,0.058823529411764705
28111,0.0
28115,0.0
28119,0.3665625
28125,0.5801837072730011
28127,0.2802859292701279
28133,0.8176266297789682
28135,0.6126866535478643
28137,0.023482882214806575
28139,0.0
28141,0.0
28143,0.7287988170827172
28149,0.21567505720823799
28151,0.3799281816213634
28155,0.0
28157,
28159,0.012897678417884782
28161,0.01618171021377672
28163,0.35406143344709895
29001,0.0
29005,0.07205099817863647
29007,0.06925293944257033
29009,0.0
29011,0.11321173617515456
29013,0.026840515185244076
29015,0.0
29017,0.26476402273288857
29019,0.08724881256850567
29021,0.0
29023,0.6390193196888777
29027,0.07658360852596818
29031,0.1743006619688234
29033,0.020671916010498687
29037,0.028069909964439737
29039,0.0
29041,0.02669133551906621
29045,0.041909938217872235
29047,0.0
29049,0.0
29051,0.0456989247311828
29053,0.00802976478254472
29057,0.08225582584556944
29061,0.0
29069,0.767532896288261
29071,0.01529421930355137
29073,0.0
29075,0.0003921708438803522
29077,0.0
29079,0.0
29081,0.0
29083,0.0
29087,0.13741786693355382
29089,0.029398613905656158
29091,0.0
29095,0.0
29097,0.021937670652480933
29101,0.02175755863238203
29103,0.0
29107,0.009091283911932053
29109,0.06643482431946277
29111,0.020875320006536302
29113,0.011782716389156461
29115,0.0
29117,0.0
29119,0.0
29121,0.0
29127,0.03724571930338065
29129,0.0
29131,0.0
29133,0.5386391899093977
29135,0.0
29137,0.009399784588269853
29139,0.031866690514517376
29141,0.002850085502565077
29143,0.7877361266403813
29145,0.0
29151,0.09510143493320139
29155,0.5203164896132144
29157,0.0
29159,0.0019935662181142675
29163,0.024642349837662336
29165,0.03202085700915837
29167,0.37305699481865284
29171,0.0
29173,0.01279089911647514
29175,0.0
29177,0.07712467240733807
29181,0.6546489563567363
29183,0.007311341282966316
29185,0.0
29186,0.0
29189,0.0
29195,0.013035162186239062
29199,0.0
29201,0.5327042125924808
29205,0.019205228575422898
29207,0.6534937383784752
29217,0.056363863017113956
29219,0.011330219685175575
29223,0.0
29225,0.0
29227,0.0
29229,
30003,0.0
30005,1.0
30009,0.0
30015,0.8205841446453408
30017,0.9203296703296703
30021,0.9123211813567144
30029,
30037,0.0
30041,
30047,1.0
30055,0.34327009936766034
30065,
30069,
30071,0.0
30073,
30079,0.0
30081,1.0
30083,0.7380991064175467
30085,0.0
30087,0.0
30091,0.20463112547119008
30095,0.7819905213270142
30101,1.0
30103,0.8625610214044311
30105,0.9438202247191011
30107,
30111,0.1556342562781713
31001,0.8270088191356209
31003,0.8250112356960946
31005,0.0
31007,0.47228136582288466
31009,0.0
31011,0.6690495303610039
31013,0.9075691411935953
31015,0.21022497642462618
31017,0.9668895483963242
31019,0.8404266464451949
31021,0.16292690123183595
31023,0.4351075877689694
31025,0.01601977893283404
31027,0.5201531867467379
31029,0.7854516271994443
31031,0.8958356551134886
31033,0.5010505384009305
31035,0.7792263530114262
31037,0.40670524102774
31039,0.2516596083541463
31041,0.7778622299862263
31043,0.2812830603867801
31045,0.8004182850313714
31047,0.8996280998112208
31049,0.3284915913363723
31051,0.14653726763478075
31053,0.45813717065850146
31055,0.2858449513567449
31057,0.7361773845262548
31059,0.7574650545496686
31061,0.6999383444134677
31063,0.5541322446880323
31065,0.3721158381284784
31067,0.210219469280368
31069,0.7596578588065216
31071,0.9401599804604018
31073,0.6796259141093532
31077,0.7693225032794923
31079,0.9182101845917864
31081,0.9152189135097286
31083,0.595938034298741
31085,0.60597087452356
31087,0.28316805146073437
31089,0.9131650031809602
31093,0.8365896242101762
31095,0.41595366374864895
31097,0.190395747924435
31099,0.8696634961013107
31101,0.6933750661750364
31103,0.8510131918944649
31105,0.4732685532886841
31107,0.40481726120412076
31109,0.07302807780441063
31111,0.7948577496528428
31113,0.7720922109675166
31115,0.8405361682458978
31117,0.8908833254605574
31119,0.4956179088253278
31121,0.903669161860351
31123,0.8601595327968093
31125,0.5985491020076379
31127,0.07481904600417545
31129,0.3903532550234499
31131,0.03316909430375908
31133,0.053012579256094663
31135,0.4888659917110172
31137,0.9182946137397261
31139,0.6046476642913697
31141,0.6606399831027564
31143,0.7891920114867511
31145,0.4478111165764879
31147,0.026538663135534775
31149,0.0
31151,0.45111656818356227
31153,0.16913796162522496
31155,0.3295175962882671
31157,0.9093014608233732
31159,0.5384967199797942
31161,0.7530785621385284
31163,0.7811092564013732
31165,0.9343544857768052
31167,0.20779125590940742
31169,0.6159685169354125
31171,0.0
31173,0.07262085204144861
31175,0.8354725624659562
31177,0.1087965106111574
31179,0.2586385737439222
31181,0.460006999784622
31183,0.0
31185,0.8223953618184974
32001,1.0
32003,
32009,
32013,
32017,1.0
32019,
32027,1.0
32033,
34001,0.38461538461538464
34005,0.09487892020643113
34007,0.0
34009,0.14835164835164835
34011,0.18296349319971367
34015,0.11973555337904015
34019,0.0
34021,0.0
34023,0.11513930849278281
34025,0.022978347326557666
34027,0.0
34029,0.0
34033,0.2635419349300369
34035,0.0
34037,0.0
34041,0.0007033408691283597
35005,
35009,
35013,1.0
35017,
35023,
35025,1.0
35029,
35033,
35039,0.3333333333333333
35041,
35043,0.7058823529411765
35045,
35047,
35049,1.0
35051,1.0
35053,0.0
35055,1.0
35057,
35059,1.0
35061,
36003,0.0
36007,0.0
36011,0.0
36021,0.0
36025,0.0
36029,0.0
36037,0.015439844966165772
36039,0.0
36045,0.0
36051,0.0
36055,0.0002795834207031523
36057,0.0
36063,0.0
36065,0.0003500855764742493
36067,0.00013533020570191266
36069,0.0
36071,0.0
36073,6.784874253663831e-05
36077,0.0
36089,0.0
36095,0.0
36099,0.0006195109507671003
36101,0.014055277803980757
36103,0.031337047353760444
36105,0.0
36107,0.018853102906520033
36111,0.0
36117,0.0004093686949910816
36121,0.0
36123,0.00033581838941500435
37003,0.0
37005,
37007,0.0
37013,0.036064352401573886
37015,0.023649289099526065
37017,0.019952982662356743
37023,0.0
37025,0.0
37027,0.0
37031,
37033,0.026993865030674847
37035,0.0
37037,0.013197360527894421
37041,0.10232033515952305
37045,0.0
37047,0.007579622476495882
37051,0.0
37057,0.0
37059,0.0012324757356339548
37061,0.01997983814510935
37063,0.0
37065,0.17267936765301986
37067,0.0
37069,0.0
37073,0.09264644786040714
37077,0.09461732548359966
37079,0.07567567567567568
37081,0.0324381813347514
37083,0.0
37085,0.007042253521126761
37089,0.046966731898238745
37091,0.20374855217437085
37093,0.0
37095,0.015886078213889585
37097,0.0
37099,0.02097902097902098
37101,0.06659783169850284
37103,0.0
37105,0.0
37107,0.029015079878564675
37117,0.0
37123,0.011725293132328308
37125,0.041666666666666664
37127,0.1066870852475753
37131,0.06053505174770553
37133,0.0
37135,0.0
37137,0.10491228070175439
37141,0.008842820332630593
37143,0.013800568258693005
37145,0.004505632040050063
37147,0.015737051792828687
37149,0.0
37151,0.0
37153,0.0
37155,0.027317130484406996
37157,0.12421154779233382
37159,0.0
37161,0.0
37163,0.014987409885826636
37165,0.25707547169811323
37167,0.0
37169,0.023308698123934053
37171,0.0
37181,0.6067415730337079
37183,0.22277227722772278
37185,0.021739130434782608
37187,0.03413988657844991
37191,0.018435945806894186
37195,0.003921102661596958
37197,0.0005009601736661936
38003,0.007504531668232894
38005,0.005215572913463313
38009,0.0
38011,0.0
38015,0.03236534439606405
38017,0.018118967015874468
38021,0.04278891849813112
38023,0.0
38025,0.0
38027,0.0
38029,0.01241147968691763
38031,0.02679737392891004
38035,0.04335061793023437
38037,0.012449177850537905
38039,0.025410942587151594
38043,0.09032417718386539
38045,0.020589946975902055
38047,0.0
38055,0.06899907796332343
38057,0.043611824545500326
38059,0.09077265343597711
38063,0.02476720744936162
38065,0.11336658354114713
38067,0.10287890759537267
38069,0.01240495329133174
38071,0.0
38073,0.09739700413874242
38077,0.008635398282054878
38081,0.06284497997763266
38085,0.0
38089,0.0
38091,0.02726879238205165
38093,0.014650921359979236
38095,0.0
38097,0.002776217706525069
38099,0.02971732714648834
38103,0.0030318549626139504
38105,0.7038834951456311
39001,0.0
39005,0.00017423120480878124
39007,0.0004110152075626798
39013,0.0
39015,0.0
39017,0.0009516221838622583
39021,0.016058711467403116
39023,0.0017227258606568952
39031,0.0
39033,0.0
39037,0.0053186272660747025
39045,0.0
39049,0.0
39051,0.0
39055,0.0
39065,0.0
39079,0.0
39083,0.0
39089,0.0
39091,0.0006068224177538902
39093,0.0011584129742253113
39095,0.0
39097,0.0
39099,0.0
39103,0.0
39107,0.0
39109,0.01022822059044728
39117,0.0
39123,0.0
39129,0.0
39131,0.038459081326263335
39135,0.0
39139,0.0
39141,0.0
39149,0.0
39159,0.0
39161,0.0
39167,0.0
39171,0.012512706773865631
39173,0.0009230180438771261
40007,0.2733120738948757
40009,
40011,0.0
40013,0.4320724560468833
40015,0.38109425785482126
40017,0.09887115609186455
40023,0.0
40025,0.7102978311252551
40039,0.0
40041,0.0
40043,
40045,
40047,0.0
40051,0.19357756671189508
40053,0.050301145012906216
40059,0.0
40071,0.02113066371068311
40073,0.0
40079,0.0
40083,0.0
40085,0.0
40089,0.0
40091,0.0
40093,0.8917933130699088
40101,0.18210807050092764
40103,0.0
40111,0.08708272859216255
40113,0.0
40121,0.0
40129,
40131,0.0
40135,0.15256305939788445
40139,0.8670311023283788
40141,0.0
40143,0.0
40145,0.0
40149,0.18967334035827185
40153,
41001,
41005,0.5
41017,
41021,
41023,
41029,0.10144927536231885
41033,1.0
41039,1.0
41043,
41045,0.8667489627267428
41047,0.0
41049,0.7788325849903784
41051,0.0
41053,
41059,0.9475628649743774
41061,0.883177570093458
41063,
41067,
41071,1.0
42001,0.004180782815540979
42003,0.0
42005,0.0
42009,0.00015679715674489102
42011,0.0027647375354869835
42013,0.0040466716125986376
42015,0.004452642961643661
42017,0.0
42019,0.0
42021,0.0
42027,0.013201668690922532
42029,0.0003104518799586064
42035,0.0
42037,0.0
42041,0.009133815490136159
42043,0.0057624903463434915
42049,0.0
42055,0.015873761330014557
42063,0.0005150391429748661
42067,0.0005161734342739161
42069,0.0
42071,0.010555158906277135
42073,0.0
42075,0.008726066419067537
42077,0.0
42079,0.001365374112506827
42081,0.016870565890173734
42085,0.0
42087,0.0015334063526834612
42089,0.0
42093,0.0012221618685497012
42097,0.0037659327925840093
42099,0.0
42107,0.011786518341941464
42109,0.0063261943986820425
42117,0.0
42119,0.00041220115416323167
42123,0.0
42133,0.0005130470720688624
45003,0.007085407889697434
45005,0.10930775851469322
45007,0.0
45009,0.22626311935562607
45011,0.08069292271246668
45013,0.0
45015,0.048305084745762714
45017,0.288871834228703
45019,0.05199306759098787
45023,
45025,0.0
45027,0.07490994028917804
45029,0.0452507472600465
45031,0.09982185513583545
45033,0.05762461678210514
45035,0.06201721474288237
45037,0.0
45041,0.022690151414823643
45043,0.0776483638380477
45045,0.0
45049,0.18277066356228172
45051,0.053981623277182235
45055,0.0
45061,0.09186135093956323
45063,0.39777806155024903
45067,0.04582577132486389
45069,0.20844072164948454
45071,0.0
45073,0.0
45075,0.14358911610406694
45077,0.0
45079,0.042813812412505835
45081,0.0
45083,0.0
45085,0.0909389497885618
45089,0.015166095692674852
45091,0.0
46003,0.0
46005,0.028796899464558406
46007,0.07978425474535837
46009,0.0416388142782484
46011,0.07931177103151625
46013,0.011225055818659738
46015,0.032324842991621555
46017,0.15161441272812354
46019,0.0
46021,0.030055799797091647
46023,0.07045720212713413
46025,0.018546195652173914
46027,0.11985102956919119
46029,0.02789346845455107
46031,0.0
46033,0.0
46035,0.011021197754890742
46037,0.0014964164763329921
46039,0.005657154498299719
46043,0.019878475057985692
46045,0.0
46047,1.0
46049,0.0024159564018884066
46051,0.024693084537853738
46053,0.0
46057,0.05881574740648462
46059,0.016494433406222597
46061,0.0
46065,0.0779611650485437
46067,0.018046489014092563
46069,0.006377696284991914
46073,0.013095153369866913
46075,0.0
46077,0.007666800574669599
46079,0.014014066711590296
46081,0.9832775919732442
46083,0.014278186243757998
46085,0.031036087571990924
46087,0.0
46089,0.01639504882589242
46091,0.0
46093,0.06699393589373376
46097,0.0
46099,0.008898316758037412
46101,0.022310894895551485
46102,0.0
46103,0.0
46107,0.0
46109,0.010712248304422236
46115,0.04541849369393064
46119,0.1130162226269643
46121,0.16300879822101905
46123,0.02069100586398774
46125,0.09783499521923235
46127,0.1701160069786094
46129,0.025210628645495788
46135,0.09370873786407767
47003,0.0
47007,0.0
47009,0.0
47017,0.03140119091924079
47019,0.0
47023,0.0
47025,0.0
47029,0.0
47031,0.0
47033,0.08345348438036389
47043,0.005213764337851929
47045,0.13825761972190626
47047,0.08770108977685522
47049,0.0
47051,0.0
47053,0.02549735507115401
47055,0.12720040622884224
47057,0.0
47069,0.028138013087447948
47071,0.10816303488765948
47073,0.0
47075,0.12805537529742592
47079,0.05957107148108472
47081,0.0
47085,0.0
47089,0.0
47093,0.0
47095,0.3238376919883769
47097,0.12785666740625692
47099,0.007949678377823084
47103,0.07736389684813753
47107,0.0
47109,0.0
47113,0.07385452073419442
47119,0.0
47131,0.04713798147245246
47135,0.0
47139,0.0
47143,0.0
47147,0.0015317781181729152
47149,0.0
47153,0.0
47157,0.0
47167,0.08447030497592295
47177,0.0
47179,0.0
47183,0.027143202125090558
47185,0.0
48011,0.0
48013,0.2836071695294996
48015,0.0
48017,0.9143302180685359
48025,0.34553210597215983
48027,0.0
48029,0.1318174834844062
48033,
48037,0.14323258869908015
48039,0.028342546612948563
48041,0.30801248699271594
48051,0.3420459349020713
48057,0.0
48061,0.0
48065,0.9483657972928359
48069,0.7524668771382904
48083,0.0
48085,0.0
48087,
48089,0.05320491251682369
48095,
48107,0.0
48111,0.9472201426376138
48115,
48117,0.8598517251211862
48119,0.0
48121,0.0
48123,0.0
48127,
48129,1.0
48141,
48145,0.0030107257103430974
48147,0.04416349151368202
48149,0.0
48151,
48153,0.8511559047944426
48157,0.0
48163,0.9351489497643958
48165,0.0
48175,0.0
48177,0.0
48179,0.0
48185,0.0
48187,0.0
48189,0.6541674838203569
48195,0.8889302710531761
48201,0.05654800154221822
48205,0.9286826533790097
48207,0.0
48215,0.551388983070003
48217,0.0
48219,
48221,
48231,0.006533278889342589
48233,0.0
48239,0.008072494163270152
48241,
48253,0.0
48271,0.0
48277,0.07100409836065574
48279,0.8498397019322416
48283,0.0
48285,0.03604531410916581
48293,0.0
48295,1.0
48303,1.0
48321,0.0
48325,0.6515682967959527
48331,0.0
48339,
48341,0.8603011684483433
48347,
48353,
48357,0.9461441213653603
48359,
48369,0.8596725430916016
48371,0.0
48375,
48381,0.0
48383,
48387,0.0
48393,1.0
48395,0.4353448275862069
48399,0.424390243902439
48409,0.08533333333333333
48419,
48421,0.8231141527174081
48423,0.35714285714285715
48427,0.667065868263473
48435,
48437,0.7682035777273872
48451,1.0
48459,0.0
48463,0.7917775805974564
48469,0.0
48473,0.13995801259622112
48477,0.0
48479,
48481,0.07969540393560899
48483,0.9065934065934066
48487,0.9083333333333333
48489,0.4855813953488372
48491,0.0
48493,0.33917301414581064
48507,0.0
49001,1.0
49003,1.0
49005,1.0
49007,
49011,1.0
49013,0.5
49015,1.0
49023,1.0
49027,1.0
49035,1.0
49037,
49041,1.0
49045,1.0
49047,1.0
49049,1.0
49053,
49057,1.0
51001,0.1296870891401525
51003,0.0
51007,0.0
51011,0.0
51015,0.054233536247924735
51019,0.014986376021798364
51025,0.0
51033,0.08433089154904413
51036,0.07581612258494337
51047,0.0
51053,0.11697881486030089
51057,0.0
51059,0.0
51067,0.0
51069,0.0
51077,0.0
51083,0.03302652950730915
51085,0.0804257038933046
51087,0.0
51093,0.02888198757763975
51097,0.0
51101,0.05343601895734597
51105,0.0
51107,0.0
51109,0.0
51113,0.0
51119,0.0
51125,
51131,0.1532953028280131
51137,0.01239051484725486
51139,0.19512833944473545
51141,0.014534883720930232
51143,0.0
51145,0.0
51165,0.09843413139680018
51167,0.0
51171,0.02174705382092091
51175,0.047573171850628496
51177,0.0
51181,0.03497942386831276
51183,0.04188368055555555
51193,0.0
51800,0.0
51810,0.0
53001,1.0
53005,1.0
53007,1.0
53011,
53013,
53017,1.0
53019,
53021,1.0
53025,0.9720980972161034
53037,
53043,
53047,
53049,
53053,0.0
53063,
53071,1.0
53075,
53077,1.0
54037,0.0
54071,0.0
55001,0.46588314872748793
55005,0.08191126279863481
55011,0.02572338167668907
55013,0.0
55017,0.03270937026617615
55019,0.00125904132995876
55021,0.009302250726235405
55023,0.0003403465346534653
55025,0.012800029160009477
55027,0.0
55033,0.1632334111621601
55035,0.04197763144141319
55039,0.0
55043,0.0
55045,0.01748265056266731
55047,0.0304250868670804
55049,0.025818671185764842
55053,0.03180300800459457
55055,0.06821265740338689
55057,0.031137491485842172
55059,0.0
55063,0.011494564480711362
55065,0.0
55067,0.0781545443085844
55071,0.0
55073,0.009443901448318756
55075,0.022380917323124493
55077,0.1803132139191471
55079,0.0
55081,0.0
55083,0.0
55087,0.0
55091,0.07515751575157516
55093,0.004177990508254573
55095,0.009861132782025278
55097,0.44354501046755057
55101,0.0015676256277760037
55103,0.0228151938834567
55105,0.06971081061928659
55109,0.055573086497668386
55111,0.18120463064003417
55115,0.0
55117,0.0
55119,0.0
55121,0.046592747977225055
55123,0.0013052208835341366
55127,0.020901629242562423
55129,0.0
55133,0.020700579616229255
55135,0.0737525647674235
55137,0.3013187520102927
55139,0.0
55141,0.0
56001,
56003,0.0
56013,0.0
56015,0.9474205333060193
56017,
56021,0.8071653048397235
56025,
56027,1.0
56029,0.952924791086351
56031,0.0
56033,
56043,1.0
